N. du tirage	Résultats 1	Résultats 2	Résultats 3	Résultats 4	Résultats 5	Résultats 6	C	DATE TIRAGE	
115	8	46	39	41	33	40	30	2026-09-26	
114	3	18	44	21	7	14	24	2026-09-23	
113	7	19	21	34	44	45	2	2026-09-21	
112	14	15	17	23	31	42	25	2026-09-19	
111	9	12	20	35	46	49	4	2026-09-16	
110	14	30	35	37	43	47	32	2026-09-14	
109	1	15	17	26	27	31	21	2026-09-12	
108	3	4	14	16	32	36	19	2026-09-09	
107	4	20	24	28	39	41	36	2026-09-07	
106	1	7	27	31	32	39	34	2026-09-05	
105	15	24	27	31	33	41	19	2026-09-02	
104	4	9	34	43	47	48	41	2026-08-31	
103	5	24	32	43	47	48	30	2026-08-29	
102	25	28	30	35	36	41	48	2026-08-26	
101	7	11	20	22	33	48	32	2026-08-24	
100	3	8	13	15	17	42	46	2026-08-22	
99	7	21	29	30	36	44	11	2026-08-19	
98	3	13	15	16	25	47	10	2026-08-17	
97	3	10	17	23	33	41	29	2026-08-15	
96	4	22	28	40	42	44	10	2026-08-12	
95	5	8	19	20	39	47	35	2026-08-10	
94	2	4	16	34	39	46	27	2026-08-08	
93	23	32	35	40	44	46	22	2026-08-05	
92	30	33	34	35	40	42	11	2026-08-03	
91	4	9	15	16	17	39	32	2026-08-01	
90	22	24	32	33	38	40	10	2026-07-29	
89	6	13	16	19	22	48	11	2026-07-27	
88	6	23	30	41	42	47	34	2026-07-25	
87	2	9	16	18	31	41	47	2026-07-22	
86	6	12	21	25	43	47	2	2026-07-20	
85	1	16	19	24	41	49	18	2026-07-18	
84	2	4	9	17	34	44	43	2026-07-15	
83	6	10	23	34	39	44	2	2026-07-13	
82	2	14	29	33	35	46	47	2026-07-11	
81	4	11	31	36	38	46	12	2026-07-08	
80	5	14	19	30	44	46	34	2026-07-06	
79	5	13	25	32	47	49	31	2026-07-04	
78	4	17	35	36	44	45	40	2026-07-01	
77	6	15	18	20	24	28	2	2026-06-29	
76	4	24	29	37	38	44	36	2026-06-27	
75	1	13	31	33	42	48	23	2026-06-24	
74	13	15	16	26	36	46	27	2026-06-22	
73	1	2	27	35	40	42	32	2026-06-20	
72	4	5	15	31	43	44	17	2026-06-17	
71	9	11	25	41	47	49	24	2026-06-15	
70	22	29	31	36	37	41	10	2026-06-13	
69	11	14	29	34	46	48	43	2026-06-10	
68	1	11	17	18	44	45	32	2026-06-08	
67	4	9	10	21	44	47	32	2026-06-06	
66	6	18	27	30	35	41	40	2026-06-03	
65	12	19	23	34	40	48	36	2026-06-01	
64	4	9	24	29	38	48	14	2026-05-30	
63	1	4	9	14	20	47	7	2026-05-27	
62	2	5	14	28	34	36	15	2026-05-25	
61	2	15	17	25	26	36	43	2026-05-23	
60	1	18	21	38	47	49	16	2026-05-20	
59	14	17	28	34	45	47	24	2026-05-18	
58	3	18	20	28	36	41	47	2026-05-16	
57	1	2	13	21	28	42	36	2026-05-13	
56	2	26	34	36	39	49	24	2026-05-11	
55	9	28	30	31	35	48	47	2026-05-09	
54	11	12	14	15	24	31	40	2026-05-06	
53	1	12	16	22	25	39	21	2026-05-04	
52	4	8	19	20	37	44	2	2026-05-02	
51	11	21	23	25	36	49	12	2026-04-29	
50	15	16	17	36	42	46	34	2026-04-27	
49	9	18	23	32	35	37	14	2026-04-25	
48	1	4	10	15	21	32	6	2026-04-22	
47	5	12	17	23	26	48	36	2026-04-20	
46	5	11	24	35	43	48	19	2026-04-18	
45	12	13	14	24	28	36	38	2026-04-15	
44	4	16	23	24	37	46	8	2026-04-13	
43	11	12	30	34	38	40	19	2026-04-11	
42	2	3	11	25	26	46	18	2026-04-08	
41	6	10	31	32	34	46	45	2026-04-06	
40	1	11	14	19	33	43	38	2026-04-04	
39	6	9	12	34	35	48	24	2026-04-01	
38	18	28	31	38	42	47	32	2026-03-30	
37	14	15	26	29	36	43	24	2026-03-28	
36	3	5	15	21	25	34	26	2026-03-25	
35	2	5	6	15	25	36	8	2026-03-23	
34	7	22	24	30	38	40	39	2026-03-21	
33	29	36	42	46	47	48	11	2026-03-18	
32	7	8	10	41	42	45	28	2026-03-16	
31	15	25	40	43	46	48	18	2026-03-14	
30	5	11	30	31	45	47	19	2026-03-11	
29	8	23	32	38	42	43	24	2026-03-09	
28	4	19	27	29	37	44	30	2026-03-07	
27	9	10	12	22	33	45	35	2026-03-04	
26	10	13	17	28	42	49	46	2026-03-02	
25	10	11	17	30	43	49	27	2026-02-28	
24	1	19	31	39	43	48	45	2026-02-25	
23	4	6	17	22	24	49	21	2026-02-23	
22	14	21	23	33	43	49	20	2026-02-21	
21	6	14	15	19	23	32	8	2026-02-18	
20	1	3	4	14	22	38	33	2026-02-16	
19	4	17	20	34	36	48	7	2026-02-14	
18	2	4	16	22	23	33	44	2026-02-11	
17	7	17	20	30	35	37	33	2026-02-09	
16	13	32	33	39	43	48	14	2026-02-07	
15	10	18	23	32	33	36	13	2026-02-04	
14	14	21	24	34	35	44	27	2026-02-02	
13	5	8	20	27	37	46	14	2026-01-31	
12	1	2	25	39	44	49	34	2026-01-28	
11	9	16	19	30	39	45	29	2026-01-26	
10	4	6	13	19	23	38	40	2026-01-24	
9	5	13	24	29	37	43	36	2026-01-21	
8	3	24	31	33	35	43	26	2026-01-19	
7	24	26	37	39	42	46	14	2026-01-17	
6	13	15	23	39	47	48	29	2026-01-14	
5	4	15	26	30	45	48	1	2026-01-12	
4	2	6	25	26	32	42	39	2026-01-10	
3	4	17	18	35	41	45	28	2026-01-07	
2	12	15	22	27	29	47	21	2026-01-05	
1	2	24	33	38	41	42	10	2026-01-03	
157	4	12	17	34	38	49	44	2025-12-31	
156	5	16	19	23	40	47	26	2025-12-29	
155	2	7	15	47	48	49	46	2025-12-27	
154	1	6	12	14	43	48	26	2025-12-24	
153	4	21	23	30	33	44	24	2025-12-22	
152	14	20	28	36	43	48	27	2025-12-20	
151	6	9	19	22	37	48	3	2025-12-17	
150	1	10	28	29	36	43	11	2025-12-15	
149	1	6	17	22	25	26	37	2025-12-13	
148	4	18	19	21	29	44	36	2025-12-10	
147	2	9	11	19	27	28	13	2025-12-08	
146	1	6	18	30	33	40	37	2025-12-06	
145	6	20	29	46	47	49	42	2025-12-03	
144	12	14	24	25	40	42	18	2025-12-01	
143	9	12	20	24	30	33	44	2025-11-29	
142	16	24	27	36	37	43	40	2025-11-26	
141	9	19	32	41	43	46	3	2025-11-24	
140	6	11	18	21	25	32	47	2025-11-22	
139	1	5	10	19	32	47	24	2025-11-19	
138	17	25	26	32	37	40	20	2025-11-17	
137	4	11	29	30	33	45	24	2025-11-15	
136	3	4	11	21	23	28	46	2025-11-12	
135	8	18	21	27	40	47	45	2025-11-10	
134	5	10	15	30	34	38	16	2025-11-08	
133	3	12	13	23	24	48	35	2025-11-05	
132	2	21	26	37	42	46	19	2025-11-03	
131	12	16	33	39	42	48	2	2025-11-01	
130	13	16	28	29	38	44	31	2025-10-29	
129	20	30	32	37	39	42	23	2025-10-27	
128	12	28	30	31	41	43	49	2025-10-25	
127	7	17	19	31	41	49	47	2025-10-22	
126	6	20	25	29	42	49	34	2025-10-20	
125	21	27	28	34	35	42	4	2025-10-18	
124	4	5	31	40	41	49	21	2025-10-15	
123	6	9	13	18	23	34	40	2025-10-13	
122	3	11	22	32	35	41	39	2025-10-11	
121	10	13	18	26	40	41	37	2025-10-08	
120	6	15	20	26	30	36	12	2025-10-06	
119	4	11	19	20	23	27	44	2025-10-04	
118	6	10	21	24	27	38	20	2025-10-01	
117	6	16	21	33	36	41	42	2025-09-29	
116	7	10	20	33	39	45	2	2025-09-27	
115	2	4	15	21	28	48	38	2025-09-24	
114	4	10	28	35	38	40	27	2025-09-22	
113	6	8	28	35	41	42	38	2025-09-20	
112	13	18	22	40	47	49	1	2025-09-17	
111	2	9	11	19	38	47	40	2025-09-15	
110	7	21	28	40	43	49	38	2025-09-13	
109	5	11	22	30	34	44	35	2025-09-10	
108	19	24	26	38	40	44	6	2025-09-08	
107	9	12	22	32	43	45	37	2025-09-06	
106	4	11	17	29	39	47	36	2025-09-03	
105	2	3	19	23	41	46	16	2025-09-01	
104	4	6	20	35	40	43	13	2025-08-30	
103	2	14	21	26	38	41	43	2025-08-27	
102	13	37	40	41	43	47	22	2025-08-25	
101	14	16	18	22	27	40	24	2025-08-23	
100	14	17	24	28	38	49	8	2025-08-20	
99	2	3	4	19	21	41	28	2025-08-18	
98	7	12	18	28	38	44	42	2025-08-16	
97	5	15	17	22	37	47	44	2025-08-13	
96	8	23	35	38	46	47	11	2025-08-11	
95	2	32	38	44	46	48	19	2025-08-09	
94	1	3	6	18	33	37	46	2025-08-06	
93	2	20	25	26	30	46	40	2025-08-04	
92	2	3	11	34	37	38	7	2025-08-02	
91	2	15	22	24	40	46	47	2025-07-30	
90	4	5	8	14	18	39	9	2025-07-28	
89	5	7	12	22	34	37	3	2025-07-26	
88	2	4	11	12	15	45	26	2025-07-23	
87	7	13	21	25	30	33	11	2025-07-21	
86	3	12	16	32	35	44	18	2025-07-19	
85	21	29	32	40	41	45	16	2025-07-16	
84	12	14	25	27	39	46	2	2025-07-14	
83	2	11	14	21	46	47	45	2025-07-12	
82	1	3	6	17	30	31	41	2025-07-09	
81	13	22	30	34	39	47	28	2025-07-07	
80	17	24	26	29	37	38	5	2025-07-05	
79	11	14	35	38	40	47	8	2025-07-02	
78	6	8	21	33	43	46	45	2025-06-30	
77	12	22	24	28	30	40	39	2025-06-28	
76	2	4	20	38	41	43	1	2025-06-25	
75	1	5	16	21	37	38	36	2025-06-23	
74	4	12	20	28	33	42	22	2025-06-21	
73	3	6	14	18	43	47	7	2025-06-18	
72	9	19	27	28	37	42	48	2025-06-16	
71	8	22	30	33	47	49	21	2025-06-14	
70	5	10	19	24	26	48	18	2025-06-11	
69	15	23	28	31	37	45	20	2025-06-09	
68	5	8	12	21	23	43	45	2025-06-07	
67	5	9	18	27	36	41	12	2025-06-04	
66	3	22	27	40	43	47	26	2025-06-02	
65	9	10	23	40	43	46	37	2025-05-31	
64	7	10	27	28	43	45	2	2025-05-28	
63	4	5	21	32	44	47	46	2025-05-26	
62	1	3	6	24	28	40	12	2025-05-24	
61	11	14	16	33	43	47	36	2025-05-21	
60	8	12	16	19	30	33	43	2025-05-19	
59	8	16	17	20	32	35	29	2025-05-17	
58	6	7	27	31	37	49	35	2025-05-14	
57	1	7	15	38	40	44	6	2025-05-12	
56	1	6	31	37	42	45	48	2025-05-10	
55	20	22	24	35	40	46	45	2025-05-07	
54	9	17	25	39	46	48	30	2025-05-05	
53	17	26	28	32	39	41	2	2025-05-03	
52	11	14	22	28	43	44	17	2025-04-30	
51	2	6	9	10	39	43	49	2025-04-28	
50	16	24	26	33	39	43	49	2025-04-26	
49	2	4	12	18	35	42	3	2025-04-23	
48	6	15	23	25	36	38	47	2025-04-21	
47	7	14	19	32	40	41	48	2025-04-19	
46	13	14	21	24	25	39	11	2025-04-16	
45	1	4	21	24	41	49	8	2025-04-14	
44	9	12	20	26	30	44	40	2025-04-12	
43	8	27	37	38	43	46	10	2025-04-09	
42	5	7	9	10	33	45	39	2025-04-07	
41	1	23	25	26	27	43	17	2025-04-05	
40	10	33	38	42	44	45	49	2025-04-02	
39	8	20	30	40	41	42	22	2025-03-31	
38	29	30	32	33	37	41	17	2025-03-29	
37	3	13	18	31	42	46	1	2025-03-26	
36	6	29	31	33	37	43	19	2025-03-24	
35	7	8	10	14	26	43	33	2025-03-22	
34	2	12	17	30	38	41	3	2025-03-19	
33	15	23	30	34	35	41	20	2025-03-17	
32	3	19	23	34	45	48	46	2025-03-15	
31	3	15	19	27	42	45	28	2025-03-12	
30	6	10	19	20	25	33	36	2025-03-10	
29	10	17	23	25	38	42	15	2025-03-08	
28	16	19	21	28	35	42	27	2025-03-05	
27	11	17	25	34	40	42	39	2025-03-03	
26	4	23	39	40	47	48	16	2025-03-01	
25	12	15	18	21	24	38	27	2025-02-26	
24	4	18	21	28	32	35	23	2025-02-24	
23	5	9	21	28	34	35	38	2025-02-22	
22	3	14	17	29	36	47	34	2025-02-19	
21	15	28	31	41	43	48	13	2025-02-17	
20	2	9	22	36	38	42	20	2025-02-15	
19	11	16	21	42	45	49	10	2025-02-12	
18	2	4	26	33	36	47	24	2025-02-10	
17	17	34	38	40	43	48	14	2025-02-08	
16	4	7	19	30	41	43	47	2025-02-05	
15	9	19	26	40	45	48	4	2025-02-03	
14	12	14	16	19	24	43	44	2025-02-01	
13	3	4	30	32	35	44	25	2025-01-29	
12	5	8	16	23	31	33	37	2025-01-27	
11	1	4	9	29	33	46	12	2025-01-25	
10	7	9	22	26	30	41	36	2025-01-22	
9	7	10	17	18	19	32	38	2025-01-20	
8	3	24	34	36	38	42	18	2025-01-18	
7	8	10	26	31	36	39	25	2025-01-15	
6	18	19	20	32	36	48	15	2025-01-13	
5	11	14	34	43	44	48	18	2025-01-11	
4	1	10	13	42	45	48	18	2025-01-08	
3	1	3	7	24	39	41	15	2025-01-06	
2	4	9	19	22	30	40	26	2025-01-04	
1	22	25	32	35	44	48	6	2025-01-01	
157	1	14	22	28	36	49	10	2024-12-30	
156	10	20	39	43	45	48	40	2024-12-28	
155	6	9	11	12	13	49	41	2024-12-25	
154	11	15	16	29	30	34	14	2024-12-23	
153	1	14	18	26	43	45	44	2024-12-21	
152	9	18	22	33	37	43	44	2024-12-18	
151	18	19	34	42	47	48	9	2024-12-16	
150	18	22	29	40	45	46	10	2024-12-14	
149	18	22	27	30	33	49	19	2024-12-11	
148	4	5	14	18	20	48	41	2024-12-09	
147	3	16	26	30	40	49	17	2024-12-07	
146	12	28	30	41	42	49	36	2024-12-04	
145	8	9	13	22	39	47	24	2024-12-02	
144	3	11	21	25	43	49	31	2024-11-30	
143	1	6	8	17	20	44	21	2024-11-27	
142	7	10	12	39	42	44	27	2024-11-25	
141	1	3	15	22	23	31	47	2024-11-23	
140	2	11	13	18	30	32	7	2024-11-20	
139	7	20	27	28	31	42	3	2024-11-18	
138	1	3	6	11	37	45	19	2024-11-16	
137	5	16	17	26	42	46	11	2024-11-13	
136	1	3	5	17	35	44	9	2024-11-11	
135	4	19	22	41	43	45	16	2024-11-09	
134	4	7	19	20	34	49	5	2024-11-06	
133	4	9	25	29	36	37	38	2024-11-04	
132	26	34	39	40	46	47	15	2024-11-02	
131	7	15	29	39	40	41	2	2024-10-30	
130	4	13	20	21	24	30	2	2024-10-28	
129	2	7	21	25	27	33	44	2024-10-26	
128	7	12	21	32	39	43	42	2024-10-23	
127	12	13	15	19	29	45	27	2024-10-21	
126	1	7	27	38	43	45	44	2024-10-19	
125	9	13	19	25	36	42	37	2024-10-16	
124	9	11	19	34	43	46	18	2024-10-14	
123	7	11	12	17	32	42	5	2024-10-12	
122	9	24	29	34	47	48	22	2024-10-09	
121	7	14	18	22	33	48	20	2024-10-07	
120	8	9	10	20	22	26	34	2024-10-05	
119	6	28	30	36	41	44	20	2024-10-02	
118	14	18	23	38	42	44	47	2024-09-30	
117	1	7	20	21	22	49	10	2024-09-28	
116	7	13	27	29	34	49	4	2024-09-25	
115	1	18	26	29	35	43	13	2024-09-23	
114	4	22	23	25	29	45	44	2024-09-21	
113	17	20	28	34	40	47	37	2024-09-18	
112	1	16	17	20	26	49	48	2024-09-16	
111	2	6	15	20	29	32	41	2024-09-14	
110	1	3	27	29	36	39	22	2024-09-11	
109	6	13	14	19	20	31	21	2024-09-09	
108	8	10	26	29	31	46	22	2024-09-07	
107	7	18	23	38	42	43	30	2024-09-04	
106	3	11	12	22	23	36	26	2024-09-02	
105	19	26	30	32	41	43	42	2024-08-31	
104	7	9	23	31	34	41	21	2024-08-28	
103	8	12	19	46	47	48	18	2024-08-26	
102	11	16	28	30	34	43	31	2024-08-24	
100	5	8	10	14	28	41	29	2024-08-21	
100	1	16	17	32	35	44	4	2024-08-19	
99	10	14	15	20	35	39	43	2024-08-17	
98	26	30	36	38	42	49	2	2024-08-14	
97	8	11	14	29	33	38	20	2024-08-12	
96	1	5	29	33	37	44	4	2024-08-10	
95	5	9	14	15	31	33	22	2024-08-07	
94	2	6	13	15	19	48	28	2024-08-05	
93	6	25	33	35	38	39	49	2024-08-03	
92	4	8	17	19	28	47	3	2024-07-31	
91	12	20	28	39	40	45	16	2024-07-29	
90	1	3	20	23	30	47	35	2024-07-27	
89	1	14	15	31	34	39	25	2024-07-24	
88	4	10	15	25	29	34	43	2024-07-22	
87	10	18	26	41	44	46	47	2024-07-20	
86	14	16	18	19	25	41	29	2024-07-17	
85	5	6	16	24	44	45	29	2024-07-15	
84	1	3	5	13	18	31	37	2024-07-13	
83	3	16	19	26	46	48	29	2024-07-10	
82	2	16	21	27	47	49	44	2024-07-08	
81	11	25	34	35	44	47	9	2024-07-06	
80	4	6	12	17	32	34	47	2024-07-03	
79	12	17	25	29	41	45	39	2024-07-01	
78	5	12	16	22	24	36	31	2024-06-29	
77	7	17	18	19	27	35	43	2024-06-26	
76	9	18	19	27	28	32	7	2024-06-24	
75	1	15	16	21	41	48	12	2024-06-22	
74	19	34	38	42	47	48	5	2024-06-19	
73	9	18	23	28	32	41	35	2024-06-17	
72	7	9	18	36	38	46	1	2024-06-15	
71	16	21	36	42	45	46	48	2024-06-12	
70	14	21	25	31	33	44	26	2024-06-10	
69	2	9	17	26	39	48	42	2024-06-08	
68	1	19	31	35	36	43	13	2024-06-05	
67	1	15	16	28	30	36	3	2024-06-03	
66	2	10	23	24	30	31	34	2024-06-01	
65	10	14	36	37	48	49	31	2024-05-29	
64	4	8	15	27	29	45	43	2024-05-27	
63	14	16	30	34	35	48	17	2024-05-25	
62	10	32	35	36	42	43	8	2024-05-22	
61	7	13	17	18	27	44	28	2024-05-20	
60	8	12	18	19	23	44	20	2024-05-18	
59	2	8	12	27	36	48	10	2024-05-15	
58	13	14	19	42	44	49	20	2024-05-13	
57	10	13	26	34	44	46	25	2024-05-11	
56	21	26	29	30	37	49	44	2024-05-08	
55	27	28	30	40	48	49	33	2024-05-06	
54	12	16	31	37	39	49	34	2024-05-04	
53	7	14	39	42	46	48	37	2024-05-01	
52	15	23	35	37	43	44	33	2024-04-29	
51	1	18	27	37	39	49	35	2024-04-27	
50	5	6	13	26	31	44	48	2024-04-24	
49	17	20	21	27	32	49	3	2024-04-22	
48	6	26	28	29	30	44	49	2024-04-20	
47	1	4	11	19	41	44	49	2024-04-17	
46	4	13	18	35	37	43	42	2024-04-15	
45	7	9	22	32	33	46	35	2024-04-13	
44	12	16	26	27	33	37	40	2024-04-10	
43	6	14	18	19	26	39	7	2024-04-08	
42	1	18	21	37	38	48	25	2024-04-06	
41	1	7	23	25	27	48	47	2024-04-03	
40	6	8	28	35	45	48	3	2024-04-01	
39	3	16	21	33	41	42	37	2024-03-30	
38	16	22	33	37	39	45	24	2024-03-27	
37	12	21	38	39	46	49	27	2024-03-25	
36	10	12	14	18	23	28	47	2024-03-23	
35	5	12	19	24	27	42	28	2024-03-20	
34	1	8	10	24	26	38	21	2024-03-18	
33	3	17	24	31	37	39	25	2024-03-16	
32	1	4	7	30	35	48	8	2024-03-13	
31	2	8	29	33	37	41	45	2024-03-11	
30	12	18	27	35	36	45	25	2024-03-09	
29	10	13	28	33	42	46	34	2024-03-06	
28	2	9	13	32	35	49	37	2024-03-04	
27	21	24	27	38	41	44	15	2024-03-02	
26	16	24	34	38	44	46	2	2024-02-28	
25	6	7	23	28	42	46	5	2024-02-26	
24	30	31	32	37	40	43	19	2024-02-24	
23	23	26	27	28	43	48	9	2024-02-21	
22	1	11	16	21	23	36	15	2024-02-19	
21	12	23	28	31	38	39	40	2024-02-17	
20	9	12	15	28	33	47	16	2024-02-14	
19	5	10	18	37	38	49	45	2024-02-12	
18	13	20	34	37	45	46	29	2024-02-10	
17	15	19	22	23	32	40	27	2024-02-07	
16	6	20	22	26	46	48	35	2024-02-05	
15	11	18	19	24	25	30	45	2024-02-03	
14	5	8	11	42	43	45	3	2024-01-31	
13	16	20	25	34	43	49	12	2024-01-29	
12	4	6	7	36	44	46	15	2024-01-27	
11	1	6	18	23	33	35	8	2024-01-24	
10	3	15	17	26	42	44	16	2024-01-22	
9	27	36	38	42	43	45	23	2024-01-20	
8	3	5	9	17	22	24	2	2024-01-17	
7	14	18	27	46	47	48	13	2024-01-15	
6	3	7	14	22	29	49	6	2024-01-13	
5	25	26	36	41	42	49	15	2024-01-10	
4	10	11	18	20	26	37	1	2024-01-08	
3	4	10	12	13	18	21	17	2024-01-06	
2	8	28	30	34	38	39	41	2024-01-03	
1	1	2	12	14	15	43	39	2024-01-01	
313	7	27	28	29	33	48	10	2023-12-30	
312	4	11	15	22	29	45	25	2023-12-27	
311	1	10	13	28	42	48	12	2023-12-25	
310	11	13	15	23	31	45	10	2023-12-23	
309	2	4	18	20	22	49	32	2023-12-20	
308	12	14	16	32	39	48	26	2023-12-18	
307	13	14	23	31	43	44	41	2023-12-16	
306	1	10	27	31	37	42	41	2023-12-13	
305	2	18	35	44	45	48	34	2023-12-11	
304	3	19	28	30	37	47	48	2023-12-09	
303	2	7	10	28	34	42	41	2023-12-06	
302	4	15	31	40	41	45	25	2023-12-04	
301	17	24	28	31	38	47	48	2023-12-02	
300	6	25	27	42	44	49	30	2023-11-29	
299	1	16	18	32	33	45	49	2023-11-27	
298	2	5	10	21	33	46	13	2023-11-25	
297	1	13	25	29	39	47	43	2023-11-22	
296	8	19	21	28	29	49	3	2023-11-20	
295	1	6	8	14	26	27	12	2023-11-18	
294	1	4	10	18	40	44	7	2023-11-15	
293	7	9	16	31	35	37	24	2023-11-13	
292	8	11	24	26	28	35	27	2023-11-11	
291	6	8	9	10	36	37	28	2023-11-08	
290	9	19	21	25	29	43	13	2023-11-06	
289	20	21	22	38	43	47	4	2023-11-04	
288	8	20	24	32	43	46	19	2023-11-01	
287	1	5	22	24	39	49	31	2023-10-30	
286	5	22	31	33	36	45	18	2023-10-28	
285	3	11	12	15	17	18	13	2023-10-25	
284	4	14	15	30	45	48	23	2023-10-23	
283	8	29	33	36	41	43	9	2023-10-21	
282	2	5	16	33	45	46	10	2023-10-18	
281	4	8	15	18	26	29	19	2023-10-16	
280	10	12	17	24	26	29	36	2023-10-14	
277	7	11	25	26	33	44	34	2023-10-11	
278	6	8	14	16	40	41	17	2023-10-09	
277	15	27	30	35	41	42	32	2023-10-07	
276	3	5	20	31	33	41	26	2023-10-04	
275	7	8	18	20	32	46	36	2023-10-02	
274	6	11	16	28	32	44	23	2023-09-30	
273	13	17	21	23	28	37	20	2023-09-27	
272	2	3	8	11	19	35	43	2023-09-25	
271	2	6	9	12	31	42	43	2023-09-23	
270	3	6	8	11	13	30	40	2023-09-20	
269	3	15	21	23	24	35	46	2023-09-18	
268	1	11	19	27	34	47	2	2023-09-16	
267	3	8	9	12	21	28	4	2023-09-13	
266	3	21	38	40	44	45	16	2023-09-11	
265	4	9	15	36	37	44	29	2023-09-09	
264	9	13	23	24	28	31	4	2023-09-06	
263	10	13	19	38	40	45	27	2023-09-04	
262	18	19	22	30	32	34	5	2023-09-02	
261	9	28	29	39	46	48	15	2023-08-30	
260	1	8	27	39	42	45	31	2023-08-28	
259	9	12	20	34	38	45	27	2023-08-26	
258	1	14	15	19	22	32	13	2023-08-23	
257	7	14	15	27	32	36	29	2023-08-21	
256	2	10	19	21	37	48	45	2023-08-19	
255	6	17	26	29	38	44	27	2023-08-16	
254	4	13	15	27	28	46	32	2023-08-14	
253	2	7	8	12	24	25	22	2023-08-12	
252	16	17	30	36	43	45	18	2023-08-09	
251	8	10	13	31	45	47	2	2023-08-07	
250	25	32	33	45	46	48	5	2023-08-05	
249	4	8	13	23	25	42	15	2023-08-02	
248	6	10	14	20	32	45	29	2023-07-31	
247	10	24	25	27	35	44	32	2023-07-29	
246	16	18	24	25	30	38	26	2023-07-26	
245	16	27	32	40	42	44	14	2023-07-24	
244	4	11	14	15	25	37	29	2023-07-22	
243	3	4	18	33	42	46	30	2023-07-19	
242	8	26	29	33	40	46	22	2023-07-17	
241	2	3	11	23	24	46	35	2023-07-15	
240	13	19	22	25	38	47	5	2023-07-12	
239	7	20	21	27	28	29	19	2023-07-10	
238	4	6	24	25	33	39	5	2023-07-08	
237	11	15	20	26	28	46	25	2023-07-05	
236	14	15	17	18	28	48	22	2023-07-03	
235	10	20	23	36	40	42	9	2023-07-01	
234	20	21	26	28	33	43	40	2023-06-28	
233	16	17	22	32	45	47	38	2023-06-26	
232	5	17	22	25	32	43	46	2023-06-24	
231	4	9	23	25	40	41	13	2023-06-21	
230	3	7	22	28	34	44	8	2023-06-19	
229	4	6	12	26	36	44	35	2023-06-17	
228	3	10	16	26	41	49	23	2023-06-14	
227	13	21	25	27	32	48	6	2023-06-12	
226	8	14	19	29	45	46	26	2023-06-10	
225	3	8	9	11	15	21	1	2023-06-07	
224	5	17	20	30	42	43	46	2023-06-05	
223	15	16	29	30	43	48	46	2023-06-03	
222	2	4	14	15	33	48	5	2023-05-31	
221	6	13	17	25	29	36	20	2023-05-29	
220	7	10	17	23	42	48	20	2023-05-27	
219	18	20	27	33	45	48	40	2023-05-24	
218	5	6	22	34	37	45	21	2023-05-22	
217	9	12	21	34	35	49	28	2023-05-20	
216	10	14	15	19	20	27	9	2023-05-17	
215	5	8	14	20	35	43	17	2023-05-15	
214	15	21	25	34	35	36	12	2023-05-13	
213	2	6	10	32	33	42	39	2023-05-10	
212	12	22	26	28	36	41	45	2023-05-08	
211	1	5	6	8	22	26	31	2023-05-06	
210	6	10	14	16	24	47	37	2023-05-03	
209	8	10	12	16	21	35	2	2023-05-01	
208	20	21	24	34	42	44	38	2023-04-29	
207	2	20	27	28	29	32	10	2023-04-26	
206	5	10	30	32	42	49	25	2023-04-24	
205	3	5	7	18	25	39	2	2023-04-22	
204	15	24	27	30	45	48	2	2023-04-19	
203	4	20	31	35	39	42	2	2023-04-17	
202	3	4	25	31	34	49	46	2023-04-15	
201	13	24	33	38	45	47	20	2023-04-12	
200	7	20	40	45	46	49	38	2023-04-10	
199	12	20	25	26	35	41	32	2023-04-08	
198	7	12	25	29	33	38	39	2023-04-06	
197	5	12	17	18	36	47	2	2023-04-03	
196	22	24	26	37	41	44	32	2023-04-01	
195	12	22	25	31	37	43	4	2023-03-29	
194	4	8	12	31	36	48	44	2023-03-27	
193	6	8	28	31	37	41	11	2023-03-25	
192	14	18	20	28	30	43	8	2023-03-22	
191	8	10	28	31	33	49	18	2023-03-20	
190	22	25	26	28	32	33	37	2023-03-18	
189	5	6	8	10	15	48	27	2023-03-15	
188	15	26	28	30	32	41	21	2023-03-13	
187	1	12	15	23	27	42	40	2023-03-11	
186	11	16	20	31	41	42	7	2023-03-08	
185	8	13	21	24	30	46	29	2023-03-06	
184	2	4	5	25	36	37	6	2023-03-04	
183	1	5	8	27	41	45	28	2023-03-01	
182	4	10	28	33	37	41	2	2023-02-27	
181	3	5	15	34	37	48	13	2023-02-25	
180	10	17	18	22	26	29	34	2023-02-22	
179	7	30	35	37	40	43	26	2023-02-20	
178	4	8	11	19	34	36	28	2023-02-18	
177	11	15	21	27	45	49	9	2023-02-15	
176	7	22	24	29	43	49	8	2023-02-13	
175	9	16	23	25	28	43	7	2023-02-11	
174	8	14	22	23	36	41	2	2023-02-08	
173	3	19	20	24	27	29	21	2023-02-06	
172	10	14	16	21	41	46	3	2023-02-04	
171	2	3	6	7	11	45	5	2023-02-01	
170	22	30	34	39	41	46	7	2023-01-30	
169	1	6	7	15	18	29	16	2023-01-28	
168	2	15	21	34	35	41	46	2023-01-25	
167	7	12	18	35	47	49	23	2023-01-23	
166	10	12	23	25	28	49	1	2023-01-21	
165	8	24	26	35	46	49	12	2023-01-18	
164	5	6	25	32	48	49	34	2023-01-16	
163	1	15	35	39	42	43	20	2023-01-14	
162	3	19	27	34	45	46	26	2023-01-11	
161	1	8	10	11	27	30	18	2023-01-09	
160	9	15	27	28	29	30	11	2023-01-07	
159	12	14	22	27	31	44	46	2023-01-04	
158	5	7	14	25	30	36	19	2023-01-02	
157	6	31	36	45	47	48	13	2022-12-31	
156	1	3	31	33	41	43	23	2022-12-28	
155	2	3	27	34	35	42	18	2022-12-26	
154	8	15	21	34	47	48	27	2022-12-24	
153	14	28	32	36	45	48	40	2022-12-21	
152	8	12	15	39	40	46	32	2022-12-19	
151	3	5	7	13	25	41	36	2022-12-17	
150	1	3	4	13	34	49	21	2022-12-14	
149	6	28	29	34	40	41	25	2022-12-12	
148	4	17	20	22	23	41	15	2022-12-10	
147	1	3	17	18	34	41	20	2022-12-07	
146	6	10	14	20	27	48	2	2022-12-05	
145	7	15	22	23	33	44	8	2022-12-03	
144	6	16	18	22	28	48	37	2022-11-30	
143	7	11	19	31	32	49	38	2022-11-28	
142	3	11	16	39	41	43	10	2022-11-26	
141	15	16	20	22	44	47	39	2022-11-23	
140	25	28	30	34	46	49	17	2022-11-21	
139	5	29	39	41	42	49	28	2022-11-19	
138	3	8	15	18	36	37	19	2022-11-16	
137	7	9	10	13	22	46	36	2022-11-14	
136	11	19	20	39	41	47	35	2022-11-12	
135	6	8	25	26	39	49	34	2022-11-09	
134	3	20	23	24	29	49	28	2022-11-07	
133	4	7	10	37	44	47	34	2022-11-05	
132	5	10	17	18	46	47	2	2022-11-02	
131	11	12	19	37	41	43	39	2022-10-31	
130	10	21	30	40	42	44	15	2022-10-29	
129	1	16	20	26	29	32	38	2022-10-26	
128	1	3	7	9	25	48	17	2022-10-24	
127	2	8	14	22	24	37	38	2022-10-22	
126	1	18	21	27	37	42	38	2022-10-19	
125	18	23	27	31	41	48	3	2022-10-17	
124	17	22	24	26	41	46	47	2022-10-15	
123	1	12	31	33	43	46	20	2022-10-12	
122	9	12	14	32	35	42	29	2022-10-10	
121	9	10	11	15	24	32	20	2022-10-08	
120	7	12	24	27	29	30	17	2022-10-05	
119	10	15	20	24	40	43	3	2022-10-03	
118	1	7	12	22	27	32	13	2022-10-01	
117	20	26	38	41	42	49	39	2022-09-28	
116	1	3	37	41	42	48	5	2022-09-26	
115	4	8	9	22	33	40	7	2022-09-24	
114	3	4	11	21	28	39	37	2022-09-21	
113	8	27	30	40	41	47	1	2022-09-19	
112	2	4	5	6	33	47	23	2022-09-17	
111	7	12	14	32	34	44	39	2022-09-14	
110	12	38	39	41	42	46	37	2022-09-12	
109	6	7	13	28	30	38	32	2022-09-10	
108	4	5	6	28	30	39	36	2022-09-07	
107	1	7	19	33	41	45	36	2022-09-05	
106	11	18	30	32	33	36	15	2022-09-03	
105	1	10	19	23	31	37	27	2022-08-31	
104	11	27	29	34	42	45	32	2022-08-29	
103	4	5	17	26	37	40	32	2022-08-27	
102	1	6	19	25	31	41	48	2022-08-24	
101	11	12	17	27	48	49	26	2022-08-22	
100	4	19	29	39	43	48	14	2022-08-20	
99	2	5	7	20	34	49	8	2022-08-17	
98	3	7	15	25	36	39	5	2022-08-15	
97	15	24	25	32	35	39	37	2022-08-13	
96	6	36	37	40	41	42	22	2022-08-10	
95	3	13	27	31	47	49	20	2022-08-08	
94	5	15	21	34	39	42	12	2022-08-06	
93	2	6	11	22	30	42	34	2022-08-03	
92	1	3	4	5	26	34	7	2022-08-01	
91	5	7	8	19	23	24	6	2022-07-30	
90	26	30	34	38	42	43	24	2022-07-27	
89	10	18	22	34	39	47	37	2022-07-25	
88	11	12	27	33	34	42	40	2022-07-23	
87	6	8	20	22	37	45	29	2022-07-20	
86	6	9	15	32	44	48	4	2022-07-18	
85	1	14	16	19	30	36	4	2022-07-16	
84	1	12	14	19	30	46	7	2022-07-13	
83	7	18	22	24	26	38	19	2022-07-11	
82	15	17	31	36	43	47	39	2022-07-09	
81	17	40	41	44	46	48	42	2022-07-06	
80	9	28	29	36	46	49	19	2022-07-04	
79	2	10	24	32	33	45	46	2022-07-02	
78	11	13	24	38	39	43	26	2022-06-29	
77	14	29	31	33	40	43	39	2022-06-27	
76	3	10	12	17	37	44	34	2022-06-25	
75	17	19	33	39	45	47	25	2022-06-22	
74	19	21	29	33	44	47	46	2022-06-20	
73	6	26	32	34	44	49	48	2022-06-18	
72	7	14	21	27	33	48	2	2022-06-15	
71	9	18	27	39	41	46	45	2022-06-13	
70	9	12	17	39	44	48	22	2022-06-11	
69	1	4	9	15	18	33	37	2022-06-08	
68	1	15	32	37	45	47	44	2022-06-06	
67	2	10	16	17	26	30	23	2022-06-04	
66	6	8	16	17	21	26	31	2022-06-01	
65	15	21	28	29	35	44	24	2022-05-30	
64	13	14	17	38	42	49	25	2022-05-28	
63	3	7	15	16	36	45	13	2022-05-25	
62	15	23	25	27	39	46	48	2022-05-23	
61	7	9	22	27	28	29	40	2022-05-21	
60	17	20	22	37	43	49	12	2022-05-18	
59	8	10	13	16	29	32	37	2022-05-16	
58	1	4	10	36	43	49	13	2022-05-14	
57	6	23	35	39	45	48	28	2022-05-11	
56	18	23	32	36	39	47	49	2022-05-09	
55	7	11	27	31	37	43	2	2022-05-07	
54	2	3	4	9	12	42	33	2022-05-04	
53	2	13	24	29	41	47	8	2022-05-02	
52	2	3	4	15	34	49	47	2022-04-30	
51	3	5	18	23	24	47	40	2022-04-27	
50	16	18	34	35	38	41	36	2022-04-25	
49	20	33	39	40	46	49	34	2022-04-23	
48	9	25	26	28	35	41	18	2022-04-20	
47	5	16	20	29	30	38	9	2022-04-18	
46	18	22	28	31	36	47	29	2022-04-16	
45	1	22	36	39	44	48	24	2022-04-13	
44	6	15	22	27	30	38	13	2022-04-11	
43	1	6	24	32	38	40	3	2022-04-09	
42	4	32	40	43	44	49	25	2022-04-06	
41	21	26	27	30	34	49	48	2022-04-04	
40	3	6	7	10	13	16	5	2022-04-02	
39	6	19	33	36	39	41	9	2022-03-30	
38	7	12	30	43	45	48	4	2022-03-28	
37	5	9	12	24	43	44	40	2022-03-26	
36	8	15	19	22	35	42	11	2022-03-23	
35	16	22	32	45	47	48	23	2022-03-21	
34	7	14	37	43	46	48	16	2022-03-19	
33	7	23	33	35	39	46	6	2022-03-16	
32	8	13	17	19	23	30	44	2022-03-14	
31	6	23	26	36	44	45	27	2022-03-12	
30	6	9	18	26	39	40	34	2022-03-09	
29	7	8	10	18	22	26	19	2022-03-07	
28	6	22	38	43	44	49	1	2022-03-05	
27	6	24	25	27	36	39	8	2022-03-02	
26	2	6	15	32	35	39	4	2022-02-28	
25	6	12	23	25	28	42	9	2022-02-26	
24	8	27	33	43	44	48	35	2022-02-23	
23	4	10	13	31	32	41	6	2022-02-21	
22	3	17	19	30	36	38	39	2022-02-19	
21	3	9	18	21	22	30	42	2022-02-16	
20	10	18	20	21	42	49	38	2022-02-14	
19	3	16	32	35	37	42	48	2022-02-12	
18	2	15	29	36	44	45	14	2022-02-09	
17	12	16	27	38	41	47	7	2022-02-07	
16	26	27	29	42	43	45	23	2022-02-05	
15	3	11	25	34	44	47	29	2022-02-02	
14	3	5	8	17	18	38	11	2022-01-31	
13	5	9	13	16	25	49	22	2022-01-29	
12	2	7	9	20	36	38	34	2022-01-26	
11	2	4	15	27	33	41	24	2022-01-24	
10	6	9	10	17	32	36	18	2022-01-22	
9	2	11	15	19	29	33	47	2022-01-19	
8	14	20	21	22	23	29	48	2022-01-17	
7	1	12	26	37	41	47	3	2022-01-15	
6	4	10	13	18	31	37	8	2022-01-12	
5	9	10	11	13	17	27	34	2022-01-10	
4	3	8	17	20	22	38	33	2022-01-08	
3	19	23	25	35	44	48	2	2022-01-05	
2	6	11	12	28	37	39	46	2022-01-03	
1	5	8	13	29	33	39	2	2022-01-01	
156	15	23	41	42	45	49	2	2021-12-29	
155	6	10	30	38	39	44	18	2021-12-27	
154	1	16	22	24	28	46	30	2021-12-25	
153	1	12	13	14	28	31	41	2021-12-22	
152	17	21	26	27	37	49	13	2021-12-20	
151	6	14	18	20	45	47	19	2021-12-18	
150	1	15	19	20	36	47	28	2021-12-15	
149	8	10	12	32	44	47	21	2021-12-13	
148	6	15	16	37	41	48	4	2021-12-11	
147	16	17	20	33	41	42	46	2021-12-08	
146	3	6	26	43	45	46	1	2021-12-06	
145	9	16	18	20	38	49	45	2021-12-04	
144	5	24	34	41	44	46	36	2021-12-01	
143	18	21	27	32	43	47	16	2021-11-29	
142	2	5	19	29	36	38	9	2021-11-27	
141	19	28	35	40	44	47	36	2021-11-24	
140	4	12	21	39	45	49	16	2021-11-22	
139	6	9	18	31	39	42	4	2021-11-20	
138	2	11	19	26	29	31	38	2021-11-17	
137	15	17	19	24	41	46	34	2021-11-15	
136	2	14	22	33	40	47	10	2021-11-13	
135	10	11	19	31	37	38	24	2021-11-10	
134	4	15	20	30	36	45	42	2021-11-08	
133	3	10	14	15	30	38	28	2021-11-06	
132	17	24	34	35	37	44	41	2021-11-03	
131	7	13	17	19	33	39	4	2021-11-01	
130	6	16	26	31	47	49	22	2021-10-30	
129	3	15	27	39	47	49	11	2021-10-27	
128	1	9	27	35	39	43	4	2021-10-25	
127	1	2	19	27	32	34	38	2021-10-23	
126	9	13	20	30	40	48	17	2021-10-20	
125	18	25	27	40	47	48	14	2021-10-18	
124	1	3	10	21	32	33	20	2021-10-16	
123	6	17	31	47	48	49	19	2021-10-13	
122	14	17	18	22	36	46	4	2021-10-11	
121	7	10	11	15	22	40	16	2021-10-09	
120	2	3	21	25	33	39	24	2021-10-06	
119	10	19	22	23	24	39	33	2021-10-04	
118	6	9	21	34	40	41	43	2021-10-02	
117	3	7	12	15	19	34	35	2021-09-29	
116	2	16	21	24	37	40	48	2021-09-27	
115	11	29	31	34	45	48	19	2021-09-25	
114	5	19	23	28	31	38	49	2021-09-22	
113	10	13	22	40	41	44	20	2021-09-20	
112	4	8	20	25	29	40	16	2021-09-18	
111	14	15	26	35	38	46	49	2021-09-15	
110	10	34	38	40	42	45	14	2021-09-13	
109	4	9	10	24	35	44	7	2021-09-11	
108	1	11	12	24	31	38	2	2021-09-08	
107	16	19	24	25	31	49	23	2021-09-06	
106	3	12	15	18	40	43	35	2021-09-04	
105	3	9	25	32	45	48	14	2021-09-01	
104	1	7	8	17	24	36	26	2021-08-30	
103	6	8	19	27	40	45	21	2021-08-28	
102	1	2	6	14	27	47	45	2021-08-25	
101	1	16	30	36	39	41	38	2021-08-23	
100	14	23	31	35	41	42	38	2021-08-21	
99	21	41	42	44	45	47	33	2021-08-18	
98	2	7	13	14	16	28	18	2021-08-16	
97	15	31	32	38	41	44	37	2021-08-14	
96	5	10	11	19	36	39	45	2021-08-11	
95	5	30	33	34	39	49	17	2021-08-09	
94	6	7	27	28	31	35	39	2021-08-07	
93	4	10	32	38	40	49	28	2021-08-04	
92	12	14	22	30	35	47	48	2021-08-02	
91	5	15	25	34	40	49	45	2021-07-31	
90	6	14	15	19	21	42	41	2021-07-28	
89	25	29	46	47	48	49	26	2021-07-26	
88	17	21	25	38	43	46	15	2021-07-24	
87	6	7	8	13	28	42	14	2021-07-21	
86	1	20	21	22	24	44	18	2021-07-19	
85	11	13	15	17	37	38	32	2021-07-17	
84	3	17	20	22	37	48	2	2021-07-14	
83	5	10	20	24	38	42	46	2021-07-12	
82	4	6	9	11	38	41	26	2021-07-10	
81	13	15	20	30	35	42	22	2021-07-07	
80	9	22	27	29	31	36	10	2021-07-05	
79	16	23	26	30	35	37	41	2021-07-03	
78	5	8	11	18	32	40	19	2021-06-30	
77	1	12	20	33	45	48	4	2021-06-28	
76	2	8	3	20	23	25	6	2021-06-26	
75	3	4	10	22	29	37	46	2021-06-23	
74	2	6	24	27	33	37	9	2021-06-21	
73	14	23	41	44	45	46	12	2021-06-19	
72	13	16	22	39	47	49	29	2021-06-16	
71	11	20	23	36	37	38	25	2021-06-14	
70	1	10	11	29	44	48	32	2021-06-12	
69	5	7	12	13	20	38	1	2021-06-09	
68	3	7	28	34	39	44	24	2021-06-07	
67	3	12	21	23	24	44	14	2021-06-05	
66	17	34	38	39	41	48	12	2021-06-02	
65	7	16	18	24	26	34	44	2021-05-31	
64	3	9	20	32	33	48	24	2021-05-29	
63	3	24	39	41	44	48	36	2021-05-26	
62	8	9	13	36	40	49	14	2021-05-24	
61	7	8	14	16	28	29	15	2021-05-22	
60	4	6	15	31	39	43	9	2021-05-19	
59	6	15	19	31	37	38	39	2021-05-17	
58	5	16	22	39	47	48	28	2021-05-15	
57	15	17	18	29	41	48	9	2021-05-12	
56	6	17	18	19	26	28	37	2021-05-10	
55	18	21	33	34	39	41	27	2021-05-08	
54	14	17	20	21	26	27	39	2021-05-05	
53	4	6	8	14	37	39	22	2021-05-03	
52	2	6	9	26	44	46	12	2021-05-01	
51	3	11	22	29	32	41	44	2021-04-28	
50	9	13	19	23	34	48	8	2021-04-26	
49	4	7	10	30	41	47	24	2021-04-24	
48	24	25	31	38	42	49	44	2021-04-21	
47	1	2	6	11	16	17	44	2021-04-19	
46	3	14	16	25	28	46	34	2021-04-17	
45	4	8	21	30	33	34	11	2021-04-14	
44	5	11	21	30	32	48	43	2021-04-12	
43	10	16	20	24	29	44	7	2021-04-10	
42	3	5	19	23	24	34	6	2021-04-07	
41	10	14	16	17	29	46	18	2021-04-05	
40	2	4	18	20	23	47	31	2021-04-03	
39	9	13	16	27	41	45	12	2021-03-31	
38	2	10	15	29	32	36	20	2021-03-29	
37	9	17	21	25	26	41	4	2021-03-27	
36	23	28	44	46	47	48	2	2021-03-24	
35	3	22	30	32	33	45	6	2021-03-22	
34	2	3	22	23	26	33	28	2021-03-20	
33	23	28	33	35	39	44	11	2021-03-17	
32	1	11	26	28	31	37	22	2021-03-15	
31	1	10	18	21	45	48	19	2021-03-13	
30	9	15	18	27	39	43	28	2021-03-10	
29	2	8	14	32	34	38	39	2021-03-08	
28	10	13	14	23	30	40	16	2021-03-06	
27	7	16	39	43	44	49	1	2021-03-03	
26	9	21	23	36	37	46	24	2021-03-01	
25	5	17	20	32	43	46	47	2021-02-27	
24	1	30	35	38	40	42	47	2021-02-24	
23	12	13	18	22	43	45	5	2021-02-22	
22	3	6	18	40	44	48	38	2021-02-20	
21	5	15	21	22	24	29	26	2021-02-17	
20	14	23	29	35	37	38	44	2021-02-15	
19	4	7	17	28	29	36	19	2021-02-13	
18	2	20	25	30	34	39	23	2021-02-10	
17	2	4	13	22	25	34	42	2021-02-08	
16	26	28	35	39	47	49	7	2021-02-06	
15	1	6	12	16	23	34	42	2021-02-03	
14	5	8	16	17	34	38	7	2021-02-01	
13	16	18	22	27	41	46	32	2021-01-30	
12	5	6	13	15	34	42	20	2021-01-27	
11	7	9	19	22	31	46	47	2021-01-25	
10	3	8	11	16	17	39	25	2021-01-23	
9	1	13	16	42	46	47	5	2021-01-20	
8	10	18	21	25	34	49	24	2021-01-18	
7	4	27	37	43	44	45	33	2021-01-16	
6	10	21	27	29	32	35	6	2021-01-13	
5	1	5	12	33	34	48	24	2021-01-11	
4	24	32	36	38	43	47	23	2021-01-09	
3	4	12	21	37	41	44	29	2021-01-06	
2	5	11	13	17	39	48	27	2021-01-04	
1	3	6	30	32	33	36	20	2021-01-02	
283	3	5	30	37	40	44	9	2020-12-30	
282	2	6	12	16	31	38	26	2020-12-28	
281	11	17	32	34	37	49	41	2020-12-26	
280	1	7	34	40	42	46	45	2020-12-23	
279	7	17	31	37	41	46	40	2020-12-21	
278	9	11	21	26	41	49	29	2020-12-19	
277	7	8	22	38	39	41	31	2020-12-16	
276	11	19	29	32	40	47	28	2020-12-14	
275	9	19	39	42	48	49	4	2020-12-12	
274	1	19	20	33	37	39	18	2020-12-09	
273	5	8	25	35	39	47	13	2020-12-07	
272	3	7	10	12	17	43	44	2020-12-05	
271	7	13	18	38	39	47	11	2020-12-02	
270	11	25	28	33	46	47	4	2020-11-30	
269	2	15	22	25	30	41	18	2020-11-28	
268	4	7	10	20	34	37	29	2020-11-25	
267	1	6	10	32	40	47	37	2020-11-23	
266	5	20	23	34	37	40	25	2020-11-21	
265	11	29	36	43	44	45	17	2020-11-18	
264	5	13	19	26	30	31	41	2020-11-16	
263	8	19	23	35	36	46	28	2020-11-14	
262	5	20	23	24	35	47	12	2020-11-11	
261	3	7	10	31	38	44	39	2020-11-09	
260	10	18	21	26	41	48	33	2020-11-07	
259	2	5	19	27	46	48	11	2020-11-04	
258	6	16	18	27	36	46	34	2020-11-02	
257	1	2	8	11	27	36	33	2020-10-31	
256	10	22	33	38	40	48	36	2020-10-28	
255	18	21	23	25	37	40	36	2020-10-26	
254	2	3	8	13	42	49	9	2020-10-24	
253	15	21	23	28	29	38	17	2020-10-21	
252	8	14	16	30	32	37	38	2020-10-19	
251	4	11	16	24	32	49	44	2020-10-17	
250	4	11	23	32	34	43	16	2020-10-14	
249	30	38	39	42	48	49	5	2020-10-12	
248	1	20	26	34	40	47	3	2020-10-10	
247	4	10	11	15	30	32	46	2020-10-07	
246	7	9	23	28	42	48	21	2020-10-05	
245	12	15	16	22	26	48	41	2020-10-03	
244	9	19	20	24	34	43	30	2020-09-30	
243	16	22	24	39	41	47	25	2020-09-28	
242	2	14	21	37	40	45	35	2020-09-26	
241	3	5	9	17	45	48	29	2020-09-23	
240	4	10	20	21	35	45	1	2020-09-21	
239	8	11	12	38	45	48	9	2020-09-19	
238	12	22	26	27	35	42	19	2020-09-16	
237	4	22	29	41	42	45	28	2020-09-14	
236	23	29	35	36	42	48	13	2020-09-12	
235	5	9	32	36	40	43	31	2020-09-09	
234	1	2	15	21	25	36	33	2020-09-07	
233	5	12	40	41	42	45	13	2020-09-05	
232	5	13	27	31	38	39	9	2020-09-02	
231	1	2	27	30	40	49	35	2020-08-31	
230	8	18	22	23	26	49	46	2020-08-29	
229	6	12	25	28	29	41	20	2020-08-26	
228	2	10	27	29	35	42	36	2020-08-24	
227	2	3	8	25	37	44	32	2020-08-22	
226	8	22	25	42	47	49	17	2020-08-19	
225	23	27	29	32	48	49	7	2020-08-17	
224	3	9	25	27	34	40	39	2020-08-15	
223	11	15	21	22	28	49	46	2020-08-12	
222	3	17	26	31	38	45	47	2020-08-10	
221	15	37	38	41	42	45	26	2020-08-08	
220	4	12	22	23	34	40	1	2020-08-05	
219	13	15	29	30	33	48	45	2020-08-03	
218	5	7	13	19	21	46	22	2020-08-01	
217	1	5	9	27	34	47	10	2020-07-29	
216	14	16	26	33	42	49	32	2020-07-27	
215	1	9	26	30	40	46	34	2020-07-25	
214	4	6	26	27	29	36	20	2020-07-22	
213	7	8	26	28	37	39	10	2020-07-20	
212	9	13	23	38	39	43	20	2020-07-18	
211	11	20	29	37	39	41	48	2020-07-15	
210	1	4	9	19	30	37	26	2020-07-13	
209	20	23	30	31	33	44	39	2020-07-11	
208	1	7	11	19	32	42	23	2020-07-08	
207	5	6	10	14	29	42	28	2020-07-06	
206	7	17	18	41	46	49	10	2020-07-04	
205	2	6	7	13	25	41	34	2020-07-01	
204	3	10	13	16	19	43	27	2020-06-29	
203	23	26	42	43	45	46	3	2020-06-27	
202	3	10	18	28	44	45	15	2020-06-24	
201	4	22	32	33	46	49	35	2020-06-22	
200	5	16	21	27	33	41	26	2020-06-20	
199	11	12	18	19	22	40	42	2020-06-17	
198	15	17	18	19	43	44	30	2020-06-15	
197	12	17	22	38	42	45	39	2020-06-13	
196	4	11	12	16	23	39	24	2020-06-10	
195	1	3	6	7	35	45	36	2020-06-08	
194	2	4	19	22	35	42	48	2020-06-06	
193	11	12	24	35	41	43	20	2020-03-25	
192	1	8	15	24	40	41	48	2020-03-23	
191	7	8	13	27	37	47	1	2020-03-21	
190	7	32	40	42	43	47	39	2020-03-18	
189	11	24	33	35	37	42	48	2020-03-16	
188	11	13	25	30	39	44	17	2020-03-14	
187	4	12	28	29	39	42	34	2020-03-11	
186	1	7	34	39	48	49	46	2020-03-09	
185	8	13	14	20	44	47	30	2020-03-07	
184	6	10	17	27	43	44	3	2020-03-04	
183	1	13	23	25	41	44	5	2020-03-02	
182	8	11	12	23	27	43	33	2020-02-29	
181	1	4	6	19	22	29	2	2020-02-26	
180	5	7	15	23	25	27	48	2020-02-24	
159	1	6	8	13	23	34	2	2020-01-06	
158	3	12	15	23	36	45	40	2020-01-04	
157	3	16	17	18	21	28	13	2020-01-01	
156	1	7	12	17	38	42	14	2019-12-30	
155	11	16	21	36	44	49	45	2019-12-28	
154	3	14	17	19	36	41	34	2019-12-25	
153	3	4	13	25	38	48	24	2019-12-23	
152	8	11	20	29	32	44	46	2019-12-21	
151	2	16	25	30	31	49	40	2019-12-18	
150	2	8	16	34	40	41	4	2019-12-16	
149	9	10	11	31	34	48	39	2019-12-14	
148	1	4	8	17	22	49	26	2019-12-11	
147	2	3	21	29	31	46	34	2019-12-09	
146	18	19	26	29	41	43	6	2019-12-07	
145	2	4	5	21	34	46	30	2019-12-04	
144	2	11	21	26	27	49	34	2019-12-02	
143	6	7	14	29	42	45	44	2019-11-30	
142	5	15	18	21	42	48	8	2019-11-27	
141	3	16	29	37	42	46	15	2019-11-25	
140	14	15	17	19	26	33	37	2019-11-23	
139	8	22	25	36	39	48	7	2019-11-20	
138	4	9	16	28	33	44	27	2019-11-18	
137	6	12	13	31	36	43	15	2019-11-16	
136	6	10	20	22	32	48	36	2019-11-13	
135	15	38	40	41	45	49	16	2019-11-11	
134	5	15	21	26	32	41	45	2019-11-09	
133	11	20	32	36	39	42	8	2019-11-06	
132	11	26	34	35	38	41	16	2019-11-04	
131	4	6	35	39	42	49	28	2019-11-02	
130	13	23	26	27	32	47	36	2019-10-30	
129	1	4	16	42	48	49	8	2019-10-28	
128	8	23	35	41	42	49	10	2019-10-26	
127	3	17	32	36	38	47	41	2019-10-23	
126	4	26	39	40	45	46	6	2019-10-21	
125	6	19	20	36	38	40	12	2019-10-19	
124	4	7	15	23	44	45	25	2019-10-16	
123	1	4	7	31	34	43	45	2019-10-14	
122	1	6	15	23	25	29	24	2019-10-12	
121	2	5	14	23	32	42	17	2019-10-09	
120	8	9	23	26	34	37	41	2019-10-07	
119	3	6	20	41	45	49	36	2019-10-05	
118	22	24	28	29	41	49	23	2019-10-02	
117	7	8	27	31	40	46	24	2019-09-30	
116	6	9	19	31	33	49	40	2019-09-28	
115	2	13	24	38	43	49	4	2019-09-25	
114	15	17	37	43	45	48	9	2019-09-23	
113	13	14	23	24	38	49	21	2019-09-21	
112	1	9	12	17	24	44	31	2019-09-18	
111	4	13	16	23	39	49	30	2019-09-16	
110	16	22	31	36	38	46	39	2019-09-14	
109	4	13	30	33	37	43	44	2019-09-11	
108	18	19	29	30	34	41	15	2019-09-09	
107	3	7	12	18	33	39	31	2019-09-07	
106	3	19	20	25	45	49	5	2019-09-04	
105	16	23	27	34	36	45	3	2019-09-02	
104	3	7	9	32	37	46	5	2019-08-31	
103	13	14	24	39	43	49	33	2019-08-28	
102	7	14	19	32	38	47	42	2019-08-26	
101	15	18	36	40	42	44	23	2019-08-24	
100	1	9	16	22	27	29	31	2019-08-21	
99	3	9	13	15	21	47	38	2019-08-19	
98	5	25	34	36	38	48	47	2019-08-17	
97	2	11	20	27	39	45	38	2019-08-14	
96	4	6	10	31	39	46	26	2019-08-12	
95	11	12	16	22	33	46	14	2019-08-10	
94	14	20	21	41	42	48	19	2019-08-07	
93	2	3	13	38	43	47	21	2019-08-05	
92	8	22	28	29	38	46	31	2019-08-03	
91	5	11	17	18	20	25	46	2019-07-31	
90	6	18	21	30	31	42	41	2019-07-29	
89	15	16	29	37	38	41	24	2019-07-27	
88	8	10	16	31	47	48	3	2019-07-24	
87	11	13	14	23	25	30	12	2019-07-22	
86	15	37	40	43	47	49	10	2019-07-20	
85	8	11	15	18	19	30	39	2019-07-17	
84	20	25	27	29	38	44	8	2019-07-15	
83	13	20	23	30	41	42	38	2019-07-13	
82	1	27	33	43	48	49	32	2019-07-10	
81	6	17	25	30	37	40	2	2019-07-08	
80	9	11	15	24	34	39	23	2019-07-06	
79	1	5	6	10	14	44	7	2019-07-03	
78	2	15	16	38	41	46	32	2019-07-01	
77	9	22	33	35	39	44	48	2019-06-29	
76	1	3	13	22	31	44	47	2019-06-26	
75	8	19	20	38	45	46	2	2019-06-24	
74	4	9	24	26	31	34	40	2019-06-22	
73	8	15	31	34	37	40	5	2019-06-19	
72	3	7	14	20	43	44	39	2019-06-17	
71	18	26	34	39	41	43	49	2019-06-15	
70	37	38	40	42	44	47	11	2019-06-12	
69	3	15	19	22	29	44	11	2019-06-10	
68	15	27	28	31	41	43	5	2019-06-08	
67	2	8	10	11	27	34	42	2019-06-05	
66	6	12	13	32	33	42	10	2019-06-03	
65	3	6	13	15	35	37	9	2019-06-01	
64	9	22	24	28	29	46	6	2019-05-29	
63	21	26	30	35	37	42	34	2019-05-27	
62	4	9	20	30	35	47	23	2019-05-25	
61	14	24	26	31	37	47	23	2019-05-22	
60	8	15	21	26	43	48	33	2019-05-20	
59	1	26	29	40	41	44	25	2019-05-18	
58	10	14	16	17	36	43	13	2019-05-15	
57	1	3	11	16	21	31	26	2019-05-13	
56	3	5	30	39	40	45	15	2019-05-11	
55	1	11	20	29	38	39	27	2019-05-08	
54	2	32	34	36	41	47	49	2019-05-06	
53	19	26	28	34	44	47	49	2019-05-04	
52	7	9	15	24	30	36	21	2019-05-01	
51	9	16	23	27	32	37	39	2019-04-29	
50	5	9	13	18	31	35	20	2019-04-27	
49	19	24	26	31	32	41	8	2019-04-24	
48	3	4	12	13	15	48	11	2019-04-22	
47	12	20	23	28	34	42	37	2019-04-20	
46	1	3	12	15	37	41	29	2019-04-17	
45	24	25	26	28	30	40	44	2019-04-15	
44	4	21	26	27	28	29	40	2019-04-13	
43	9	20	27	38	41	49	21	2019-04-10	
42	5	21	23	35	47	48	43	2019-04-08	
41	1	10	11	18	25	29	5	2019-04-06	
40	6	8	20	26	42	46	32	2019-04-03	
39	5	23	36	40	44	47	35	2019-04-01	
38	6	9	10	27	42	43	36	2019-03-30	
37	3	24	26	35	47	49	34	2019-03-27	
36	1	8	11	21	35	46	49	2019-03-25	
35	13	24	32	34	42	49	37	2019-03-23	
34	4	10	11	17	22	45	25	2019-03-20	
33	20	24	32	36	37	49	11	2019-03-18	
32	20	21	25	31	37	43	30	2019-03-16	
31	2	10	19	22	29	35	40	2019-03-13	
30	16	23	27	31	40	42	17	2019-03-11	
29	2	29	30	33	36	46	25	2019-03-09	
28	19	21	28	40	43	49	10	2019-03-06	
27	9	13	26	27	29	35	30	2019-03-04	
26	8	20	21	38	39	49	12	2019-03-02	
25	6	12	16	18	22	26	42	2019-02-27	
24	4	8	11	27	45	47	33	2019-02-25	
23	13	25	27	28	40	43	34	2019-02-23	
22	3	9	17	28	38	48	2	2019-02-20	
21	3	12	13	19	27	37	20	2019-02-18	
20	14	20	36	41	47	48	9	2019-02-16	
19	3	8	19	21	25	39	9	2019-02-13	
18	12	16	30	33	37	44	23	2019-02-11	
17	1	12	17	27	38	43	31	2019-02-09	
16	6	29	32	40	47	49	23	2019-02-06	
15	8	27	37	42	45	48	10	2019-02-04	
14	1	26	34	38	47	49	41	2019-02-02	
13	2	22	29	31	37	47	14	2019-01-30	
12	12	13	24	32	35	47	48	2019-01-28	
11	1	7	9	13	25	49	16	2019-01-26	
10	9	23	35	44	45	49	26	2019-01-23	
9	1	3	32	38	40	41	24	2019-01-21	
8	4	9	11	12	14	19	10	2019-01-19	
7	10	18	36	40	42	45	8	2019-01-16	
6	8	11	15	16	25	48	18	2019-01-14	
5	20	21	25	31	34	47	7	2019-01-12	
4	7	15	27	37	44	46	8	2019-01-09	
3	14	19	22	37	44	48	31	2019-01-07	
2	10	16	24	26	30	33	22	2019-01-05	
1	4	11	28	29	30	47	35	2019-01-02	
2114	9	12	25	39	42	44	17	2018-12-31	
2113	3	6	8	10	30	45	12	2018-12-29	
2112	12	20	33	40	47	48	28	2018-12-26	
2111	6	8	16	17	25	26	21	2018-12-24	
2110	8	14	19	22	28	42	29	2018-12-22	
2109	5	13	19	35	39	46	40	2018-12-19	
2108	8	9	14	29	43	45	41	2018-12-17	
2107	9	17	24	31	34	46	39	2018-12-15	
2106	1	4	9	18	23	37	43	2018-12-12	
2105	9	16	18	20	21	48	14	2018-12-10	
2104	5	7	15	24	44	47	46	2018-12-08	
2103	13	18	22	32	39	44	15	2018-12-05	
2102	3	5	15	22	30	38	14	2018-12-03	
2101	7	31	39	41	45	46	2	2018-12-01	
2100	1	4	6	10	24	28	2	2018-11-28	
2099	14	18	21	29	31	49	24	2018-11-26	
2098	2	16	22	32	33	47	10	2018-11-24	
2097	9	15	25	31	37	39	38	2018-11-21	
2096	9	23	31	37	47	48	12	2018-11-19	
2095	7	22	24	37	39	44	5	2018-11-17	
2094	14	22	25	31	33	48	32	2018-11-14	
2093	9	11	31	41	46	49	23	2018-11-12	
2092	6	14	21	27	37	40	23	2018-11-10	
2091	1	24	31	40	43	48	2	2018-11-07	
2090	18	22	30	37	40	46	42	2018-11-05	
2089	28	30	33	39	43	45	12	2018-11-03	
2088	4	6	25	29	38	40	45	2018-10-31	
2087	1	15	16	36	37	40	29	2018-10-29	
2086	1	24	25	42	43	47	39	2018-10-27	
2085	6	13	16	21	26	30	43	2018-10-24	
2084	25	30	33	40	47	49	28	2018-10-22	
2083	9	15	27	35	38	41	5	2018-10-20	
2082	4	12	25	29	34	48	42	2018-10-17	
2081	1	2	6	41	44	48	46	2018-10-15	
2080	14	31	37	42	45	47	15	2018-10-13	
2079	33	35	36	38	44	46	21	2018-10-10	
2078	3	6	19	24	31	42	26	2018-10-08	
2077	7	11	14	25	30	34	35	2018-10-06	
2076	8	9	14	21	40	41	3	2018-10-03	
2075	4	18	20	30	48	49	16	2018-10-01	
2074	4	24	33	34	47	49	45	2018-09-29	
2073	10	12	19	20	36	42	9	2018-09-26	
2072	3	28	35	43	44	48	24	2018-09-24	
2071	4	11	21	42	48	49	36	2018-09-22	
2070	1	16	22	31	38	39	46	2018-09-19	
2069	2	14	18	31	32	44	27	2018-09-17	
2068	12	19	25	29	37	38	47	2018-09-15	
2067	4	12	38	39	40	46	28	2018-09-12	
2066	2	16	24	25	32	38	21	2018-09-10	
2065	5	24	31	35	44	46	39	2018-09-08	
2064	7	14	20	29	39	47	13	2018-09-05	
2063	8	15	19	34	42	46	33	2018-09-03	
2062	10	17	19	29	35	36	20	2018-09-01	
2061	3	11	17	21	23	33	49	2018-08-29	
2060	15	19	27	38	42	44	29	2018-08-27	
2059	9	15	21	32	38	40	12	2018-08-25	
2058	5	11	23	25	45	49	40	2018-08-22	
2057	9	19	29	42	46	47	11	2018-08-20	
2056	3	19	24	33	35	47	1	2018-08-18	
2055	1	2	29	40	44	47	27	2018-08-15	
2054	1	2	3	5	10	39	23	2018-08-13	
2053	22	30	32	41	42	43	14	2018-08-11	
2052	2	17	33	43	44	46	45	2018-08-08	
2051	2	16	18	19	20	37	40	2018-08-06	
2050	7	12	15	18	21	37	32	2018-08-04	
2049	2	25	35	36	46	47	12	2018-08-01	
2048	1	2	20	38	39	49	44	2018-07-30	
2047	7	10	17	30	39	48	28	2018-07-28	
2046	8	9	14	18	29	34	12	2018-07-25	
2045	2	10	23	36	42	48	46	2018-07-23	
2044	2	5	21	32	35	45	19	2018-07-21	
2043	5	6	9	22	38	39	36	2018-07-18	
2042	2	4	10	15	21	22	46	2018-07-16	
2041	6	8	10	20	26	36	4	2018-07-14	
2040	6	8	10	20	34	49	16	2018-07-11	
2039	7	11	12	16	33	49	26	2018-07-09	
2038	4	8	12	15	16	26	41	2018-07-07	
2037	6	10	19	23	24	41	29	2018-07-04	
2036	1	16	26	30	39	47	46	2018-07-02	
2035	2	24	29	47	48	49	25	2018-06-30	
2034	3	14	25	26	39	48	35	2018-06-27	
2033	3	11	25	28	31	45	29	2018-06-25	
2032	2	9	18	22	33	35	3	2018-06-23	
2031	3	22	24	34	36	42	43	2018-06-20	
2030	1	6	19	27	38	47	44	2018-06-18	
2029	2	4	17	24	34	44	31	2018-06-16	
2028	2	12	33	37	41	49	3	2018-06-13	
2027	8	9	17	18	33	48	41	2018-06-11	
2026	2	10	16	24	28	33	48	2018-06-09	
2025	4	17	20	27	29	38	18	2018-06-06	
2024	1	19	20	33	39	44	7	2018-06-04	
2023	1	11	13	23	35	43	26	2018-06-02	
2022	3	14	23	37	40	47	6	2018-05-30	
2021	4	5	9	15	24	46	35	2018-05-28	
2020	7	11	31	33	42	48	5	2018-05-26	
2019	10	18	22	31	32	39	1	2018-05-23	
2018	20	23	38	43	45	47	9	2018-05-21	
2017	7	23	27	31	47	49	9	2018-05-19	
2016	21	23	24	28	38	45	46	2018-05-16	
2015	5	17	24	29	35	37	18	2018-05-14	
2014	1	9	22	23	36	43	2	2018-05-12	
2013	4	7	11	21	28	40	23	2018-05-09	
2012	8	9	10	17	18	20	21	2018-05-07	
2011	2	3	4	11	16	30	26	2018-05-05	
2010	2	9	27	28	33	40	35	2018-05-02	
2009	1	9	10	14	19	34	11	2018-04-30	
2008	12	16	17	28	44	45	34	2018-04-28	
2007	2	3	13	15	37	47	31	2018-04-25	
2006	12	13	19	35	47	49	36	2018-04-23	
2005	2	9	15	20	32	47	10	2018-04-21	
2004	1	5	14	19	28	44	11	2018-04-18	
2003	5	7	12	27	34	46	33	2018-04-16	
2002	4	10	22	32	34	48	27	2018-04-14	
2001	4	11	28	32	35	36	44	2018-04-11	
2000	12	17	18	22	28	43	29	2018-04-09	
1999	6	24	30	43	44	48	40	2018-04-07	
1998	1	2	3	9	10	29	47	2018-04-04	
1997	9	11	22	23	36	39	3	2018-04-02	
1996	19	27	29	36	48	49	47	2018-03-31	
1995	11	19	24	30	33	49	39	2018-03-28	
1994	7	23	36	37	40	43	26	2018-03-26	
1992	8	28	32	40	45	49	30	2018-03-21	
1985	4	8	16	22	38	43	5	2018-03-05	
1984	6	10	12	15	23	31	2	2018-03-03	
1983	3	22	24	30	39	45	21	2018-02-28	
1982	11	14	27	32	37	39	7	2018-02-26	
1981	5	7	12	27	29	30	35	2018-02-24	
1980	3	10	14	29	32	37	2	2018-02-21	
1979	4	7	12	13	15	29	3	2018-02-19	
1978	8	9	15	27	30	34	32	2018-02-17	
1977	6	15	20	32	39	48	24	2018-02-14	
1976	6	11	14	15	16	49	45	2018-02-12	
1975	11	20	33	41	48	49	15	2018-02-10	
1974	16	22	25	38	40	42	6	2018-02-07	
1973	9	19	23	26	30	40	21	2018-02-05	
1972	13	19	30	37	39	49	32	2018-02-03	
1971	20	36	37	39	42	49	19	2018-01-31	
1970	5	7	9	12	27	47	2	2018-01-29	
1969	4	20	23	34	36	48	35	2018-01-27	
1968	6	14	16	18	29	47	41	2018-01-24	
1967	5	21	34	35	39	43	3	2018-01-22	
1966	5	13	23	29	34	49	4	2018-01-20	
1965	1	19	21	43	45	48	4	2018-01-17	
1964	10	15	16	22	34	47	28	2018-01-15	
1963	3	29	37	44	45	46	8	2018-01-13	
1962	5	9	19	24	43	44	18	2018-01-10	
1961	2	25	26	30	39	45	16	2018-01-08	
1960	14	19	20	38	40	41	17	2018-01-06	
1959	15	20	25	35	38	46	26	2018-01-03	
1958	3	6	15	22	29	46	30	2018-01-01	
1957	10	18	19	34	35	48	14	2017-12-30	
1956	4	12	17	38	41	44	15	2017-12-27	
1955	9	13	26	29	38	41	11	2017-12-25	
1954	20	24	26	27	28	46	33	2017-12-23	
1953	12	14	35	37	42	47	3	2017-12-20	
1952	12	17	26	41	44	49	32	2017-12-18	
1951	19	24	32	38	40	47	4	2017-12-16	
1950	5	12	17	34	45	46	35	2017-12-13	
1949	4	16	24	32	47	48	17	2017-12-11	
1948	12	14	19	21	45	47	40	2017-12-09	
1947	17	20	27	31	45	49	22	2017-12-06	
1946	17	20	34	35	38	47	3	2017-12-04	
1945	5	8	24	30	33	42	4	2017-12-02	
1944	5	22	33	38	40	43	2	2017-11-29	
1943	3	6	8	26	42	43	1	2017-11-27	
1942	15	26	32	33	44	48	5	2017-11-25	
1941	1	5	8	20	35	38	12	2017-11-22	
1940	3	5	8	29	30	35	33	2017-11-20	
1939	1	22	30	31	34	35	24	2017-11-18	
1938	8	20	29	35	42	44	6	2017-11-15	
1937	1	6	16	19	28	31	24	2017-11-13	
1936	8	18	34	42	43	48	33	2017-11-11	
1935	7	21	24	36	41	47	27	2017-11-08	
1934	9	27	32	35	37	47	14	2017-11-06	
1933	9	11	18	31	33	40	27	2017-11-04	
1932	2	8	19	26	29	35	28	2017-11-01	
1931	1	2	16	23	33	42	11	2017-10-30	
1930	16	27	32	44	46	48	9	2017-10-28	
1929	6	17	19	20	35	48	15	2017-10-25	
1928	2	12	13	26	35	37	19	2017-10-23	
1927	1	9	29	35	39	46	2	2017-10-21	
1926	13	25	31	41	43	45	8	2017-10-18	
1925	23	29	30	34	35	46	5	2017-10-16	
1924	11	23	33	38	44	46	49	2017-10-14	
1923	6	15	33	35	37	39	43	2017-10-11	
1922	4	8	14	20	39	41	2	2017-10-09	
1921	2	11	24	25	37	40	8	2017-10-07	
1920	7	11	14	33	38	42	26	2017-10-04	
1919	8	10	25	26	33	40	12	2017-10-02	
1918	14	20	27	31	39	49	23	2017-09-30	
1917	5	11	27	32	37	46	3	2017-09-27	
1916	9	20	23	26	37	45	21	2017-09-25	
1915	8	16	18	37	39	42	24	2017-09-23	
1914	1	25	32	39	46	48	12	2017-09-20	
1913	6	10	30	34	40	44	39	2017-09-18	
1912	1	7	35	37	38	44	20	2017-09-16	
1911	1	3	16	33	43	47	39	2017-09-13	
1910	2	6	9	25	26	28	27	2017-09-11	
1909	4	19	20	27	29	35	37	2017-09-09	
1908	9	16	30	33	40	41	4	2017-09-06	
1907	24	25	28	31	34	48	16	2017-09-04	
1906	7	20	22	25	27	34	40	2017-09-02	
1905	3	21	29	33	47	48	24	2017-08-30	
1904	7	16	19	20	28	34	41	2017-08-28	
1903	8	10	25	28	31	34	45	2017-08-26	
1902	2	6	9	13	36	43	12	2017-08-23	
1901	2	9	17	22	29	42	10	2017-08-21	
1900	2	10	14	26	38	43	18	2017-08-19	
1899	8	11	14	36	37	38	13	2017-08-16	
1898	1	2	15	32	33	38	42	2017-08-14	
1897	3	13	27	30	36	41	10	2017-08-12	
1896	9	12	17	24	26	41	14	2017-08-09	
1895	8	14	37	42	45	46	9	2017-08-07	
1894	10	21	23	39	41	48	33	2017-08-05	
1893	8	14	15	39	46	47	10	2017-08-02	
1892	5	6	21	45	48	49	24	2017-07-31	
1891	3	9	17	19	34	41	45	2017-07-29	
1890	9	14	26	35	43	45	22	2017-07-26	
1889	5	9	12	22	24	26	33	2017-07-24	
1888	1	33	34	45	46	48	14	2017-07-22	
1887	1	8	24	25	42	44	46	2017-07-19	
1886	8	9	17	21	35	40	14	2017-07-17	
1885	4	8	20	28	36	49	24	2017-07-15	
1884	17	21	27	28	36	44	37	2017-07-12	
1883	3	9	13	26	28	49	27	2017-07-10	
1882	3	13	17	22	37	49	38	2017-07-08	
1879	8	18	20	28	29	48	3	2017-07-01	
1878	8	9	11	20	32	47	36	2017-06-28	
1877	4	9	17	21	29	30	18	2017-06-26	
1876	3	8	9	22	34	39	10	2017-06-24	
1875	6	22	26	28	32	36	8	2017-06-21	
1874	3	4	6	17	25	26	30	2017-06-19	
1872	3	4	8	19	24	46	30	2017-06-14	
1871	2	4	13	19	26	41	44	2017-06-12	
1870	12	13	29	35	39	48	17	2017-06-10	
1869	1	3	14	35	41	44	32	2017-06-07	
1867	18	35	41	42	46	48	22	2017-06-03	
1866	2	4	13	15	18	24	40	2017-05-31	
1864	17	19	22	26	36	40	5	2017-05-27	
1863	8	20	29	31	34	39	27	2017-05-24	
1862	1	5	10	20	35	40	8	2017-05-22	
1861	17	24	34	36	46	49	23	2017-05-20	
1860	4	12	16	38	41	48	34	2017-05-17	
1859	6	10	27	30	32	42	8	2017-05-15	
1858	4	6	13	18	33	47	28	2017-05-13	
1857	5	8	14	21	27	31	32	2017-05-10	
1856	2	37	41	45	47	48	11	2017-05-08	
1855	10	22	26	34	37	46	31	2017-05-06	
1854	1	21	25	27	40	45	47	2017-05-03	
1853	24	26	34	37	39	47	18	2017-05-01	
1852	2	5	9	16	18	32	24	2017-04-29	
1851	8	12	13	21	25	44	42	2017-04-26	
1850	6	15	21	30	33	41	7	2017-04-24	
1849	7	20	27	37	48	49	3	2017-04-22	
1848	10	12	24	34	40	48	42	2017-04-19	
1847	2	7	15	24	26	30	8	2017-04-17	
1846	4	15	18	26	29	35	3	2017-04-15	
1845	8	10	39	43	45	49	42	2017-04-12	
1844	5	11	20	26	27	41	22	2017-04-10	
1843	2	10	14	21	32	39	46	2017-04-08	
1842	5	15	20	22	36	41	8	2017-04-05	
1841	17	23	24	28	32	43	48	2017-04-03	
1840	11	21	22	23	37	49	46	2017-04-01	
1839	19	25	28	31	32	42	9	2017-03-29	
1838	11	12	13	20	22	38	40	2017-03-27	
1837	1	10	11	19	20	22	7	2017-03-25	
1836	6	11	27	30	39	44	14	2017-03-22	
1835	3	16	26	30	39	47	5	2017-03-20	
1834	9	11	27	38	43	49	14	2017-03-18	
1833	29	31	34	35	40	45	47	2017-03-15	
1832	4	23	30	38	43	47	3	2017-03-13	
1831	5	10	15	23	28	47	4	2017-03-11	
1830	3	5	20	25	36	42	4	2017-03-08	
1829	16	22	29	33	37	43	15	2017-03-06	
1828	4	10	12	19	23	38	49	2017-03-04	
1827	3	12	18	24	35	36	27	2017-03-01	
1826	8	11	19	20	23	41	48	2017-02-27	
1825	1	9	13	16	24	35	29	2017-02-25	
1824	1	6	17	37	38	41	3	2017-02-22	
1823	6	28	29	31	35	36	3	2017-02-20	
1822	5	10	11	18	28	41	45	2017-02-18	
1821	2	4	17	19	20	24	39	2017-02-15	
1820	5	9	10	17	36	40	20	2017-02-13	
1819	2	5	17	38	41	45	9	2017-02-11	
1818	1	21	30	35	36	47	20	2017-02-08	
1817	25	27	29	33	35	42	13	2017-02-06	
1816	1	16	25	27	28	41	35	2017-02-04	
1815	3	19	41	42	44	49	48	2017-02-01	
1814	12	16	29	42	43	44	27	2017-01-30	
1813	16	22	24	35	36	39	18	2017-01-28	
1812	9	13	26	34	35	43	6	2017-01-25	
1811	6	9	23	24	31	35	2	2017-01-23	
1810	5	15	25	27	37	48	1	2017-01-21	
1809	20	22	23	36	40	48	42	2017-01-18	
1808	29	31	34	37	41	43	3	2017-01-16	
1807	24	33	36	38	42	43	3	2017-01-14	
1806	10	16	26	28	42	46	45	2017-01-11	
1805	3	22	31	35	36	38	26	2017-01-09	
1804	2	23	34	35	36	38	15	2017-01-07	
1803	3	13	20	28	31	46	5	2017-01-04	
1802	8	12	21	42	46	49	17	2017-01-02	
1801	9	14	17	21	30	41	3	2016-12-31	
1800	7	22	26	32	35	49	21	2016-12-28	
1799	5	19	27	40	46	48	42	2016-12-26	
1798	3	16	20	24	31	33	18	2016-12-24	
1797	10	16	17	22	28	48	34	2016-12-21	
1796	8	14	15	27	33	34	44	2016-12-19	
1795	6	21	27	35	37	47	45	2016-12-17	
1794	10	14	17	20	28	30	27	2016-12-14	
1793	2	6	30	34	35	36	33	2016-12-12	
1792	2	23	26	27	39	41	5	2016-12-10	
1791	18	30	32	33	42	48	11	2016-12-07	
1790	1	4	6	7	15	36	2	2016-12-05	
1789	6	8	16	24	30	47	2	2016-12-03	
1788	4	9	17	27	36	40	24	2016-11-30	
1787	2	8	17	19	20	41	15	2016-11-28	
1786	7	17	30	38	40	45	11	2016-11-26	
1785	10	15	31	35	39	41	12	2016-11-23	
1784	5	6	27	33	39	44	3	2016-11-21	
1783	7	9	10	17	33	42	8	2016-11-19	
1782	13	29	30	37	43	46	26	2016-11-16	
1781	4	10	11	21	33	46	26	2016-11-14	
1780	19	27	33	37	43	49	38	2016-11-12	
1779	4	14	15	17	18	23	38	2016-11-09	
1778	2	3	4	6	29	35	48	2016-11-07	
1777	14	19	28	34	38	48	12	2016-11-05	
1776	7	8	9	16	19	35	31	2016-11-02	
1775	9	23	29	42	45	47	24	2016-10-31	
1774	4	10	30	33	37	43	32	2016-10-29	
1773	1	7	17	21	31	44	19	2016-10-26	
1772	1	8	10	28	35	40	20	2016-10-24	
1771	5	9	30	33	40	48	18	2016-10-22	
1770	8	15	29	39	46	47	24	2016-10-19	
1769	8	23	26	29	37	41	45	2016-10-17	
1768	21	25	32	34	37	48	7	2016-10-15	
1767	9	14	17	18	20	43	32	2016-10-12	
1766	14	16	25	28	29	38	7	2016-10-10	
1765	5	19	26	43	45	47	39	2016-10-08	
1764	1	7	11	30	47	49	2	2016-10-05	
1763	1	2	24	26	28	36	23	2016-10-03	
1762	5	10	20	32	44	45	27	2016-10-01	
1761	5	9	27	32	36	44	41	2016-09-28	
1760	5	11	13	14	27	34	32	2016-09-26	
1759	2	4	14	17	35	48	5	2016-09-24	
1758	8	16	19	24	36	44	10	2016-09-21	
1757	2	11	12	16	18	42	23	2016-09-19	
1756	1	12	22	39	43	47	23	2016-09-17	
1755	11	15	17	25	26	49	3	2016-09-14	
1754	16	28	33	35	44	48	7	2016-09-12	
1753	1	3	6	10	23	26	38	2016-09-10	
1752	15	16	26	29	32	44	18	2016-09-07	
1751	4	5	26	29	44	45	46	2016-09-05	
1750	6	17	18	40	44	45	38	2016-09-03	
1749	3	12	21	29	31	32	45	2016-08-31	
1748	4	6	26	27	39	41	43	2016-08-29	
1747	2	9	10	24	25	31	26	2016-08-27	
1746	7	14	26	33	36	42	15	2016-08-24	
1745	1	16	19	34	40	47	42	2016-08-22	
1744	4	6	12	24	30	46	42	2016-08-20	
1743	3	6	9	18	27	44	31	2016-08-17	
1742	7	31	39	41	46	48	13	2016-08-15	
1741	7	18	29	33	40	43	5	2016-08-13	
1740	8	9	14	17	36	44	33	2016-08-10	
1739	5	13	17	19	29	49	9	2016-08-08	
1738	11	26	28	32	34	38	3	2016-08-06	
1737	17	20	23	32	34	39	28	2016-08-03	
1736	6	27	28	35	37	44	46	2016-08-01	
1735	5	8	14	39	40	46	41	2016-07-30	
1734	5	17	18	22	25	32	20	2016-07-27	
1733	1	11	16	17	22	35	42	2016-07-25	
1732	1	4	6	16	19	35	34	2016-07-23	
1731	6	13	19	24	38	49	28	2016-07-20	
1730	1	5	13	40	41	45	18	2016-07-18	
1729	4	14	31	41	46	49	18	2016-07-16	
1728	2	5	7	13	34	41	45	2016-07-13	
1727	2	10	27	28	29	46	19	2016-07-11	
1726	17	18	23	25	26	38	27	2016-07-09	
1725	17	33	35	37	41	42	29	2016-07-06	
1724	3	10	19	22	36	49	14	2016-07-04	
1723	5	18	35	36	39	40	3	2016-07-02	
1722	4	7	18	22	34	45	46	2016-06-29	
1721	7	10	16	17	30	37	46	2016-06-27	
1720	11	20	27	35	36	41	10	2016-06-25	
1719	13	33	36	41	42	46	32	2016-06-22	
1718	10	11	15	22	31	43	2	2016-06-20	
1717	2	3	5	22	26	31	37	2016-06-18	
1716	1	23	44	46	47	48	24	2016-06-15	
1715	11	14	32	34	35	36	6	2016-06-13	
1714	13	15	24	35	38	45	29	2016-06-11	
1713	6	8	14	15	16	29	31	2016-06-08	
1712	11	26	27	32	36	42	19	2016-06-06	
1711	9	18	27	30	35	45	31	2016-06-04	
1710	7	11	14	15	20	47	35	2016-06-01	
1709	8	19	20	24	26	28	46	2016-05-30	
1708	1	10	11	27	39	47	23	2016-05-28	
1707	7	18	24	26	37	48	19	2016-05-25	
1706	1	11	25	29	32	39	44	2016-05-23	
1705	4	14	17	18	30	44	32	2016-05-21	
1704	2	11	17	33	37	45	48	2016-05-18	
1703	11	13	20	30	40	47	3	2016-05-16	
1702	6	8	17	19	39	49	47	2016-05-14	
1701	11	15	25	44	47	49	12	2016-05-11	
1700	7	17	23	31	34	48	18	2016-05-09	
1699	5	16	19	20	24	26	47	2016-05-07	
1698	2	15	23	31	43	44	13	2016-05-04	
1697	4	9	17	27	41	47	14	2016-05-02	
1696	2	6	12	26	45	49	20	2016-04-30	
1695	1	13	36	37	42	48	10	2016-04-27	
1694	6	9	11	21	37	48	19	2016-04-25	
1693	5	7	11	17	22	46	29	2016-04-23	
1692	1	13	30	33	42	49	16	2016-04-20	
1691	2	3	9	13	18	44	7	2016-04-18	
1690	2	8	16	41	47	49	44	2016-04-16	
1689	5	19	34	35	42	44	18	2016-04-13	
1688	1	25	32	37	38	48	36	2016-04-11	
1687	5	17	36	39	42	43	7	2016-04-09	
1686	1	33	36	46	47	49	27	2016-04-06	
1685	17	32	35	36	40	47	37	2016-04-04	
1684	2	7	17	24	28	40	20	2016-04-02	
1683	2	6	29	33	34	39	18	2016-03-30	
1682	5	11	16	23	35	46	36	2016-03-28	
1681	1	12	19	26	35	42	31	2016-03-26	
1680	1	5	17	32	37	47	35	2016-03-23	
1679	1	2	11	19	30	48	9	2016-03-21	
1678	2	19	23	28	35	47	48	2016-03-19	
1677	10	14	19	26	30	37	18	2016-03-16	
1676	22	25	38	41	44	46	18	2016-03-14	
1675	8	14	22	23	30	36	41	2016-03-12	
1674	7	16	20	27	29	30	19	2016-03-09	
1673	1	13	16	30	40	46	29	2016-03-07	
1672	8	10	16	20	37	43	31	2016-03-05	
1671	3	21	22	30	39	49	10	2016-03-02	
1670	4	5	15	36	38	49	33	2016-02-29	
1669	1	13	15	23	32	44	5	2016-02-27	
1668	3	19	37	42	46	48	5	2016-02-24	
1667	3	9	10	15	29	45	2	2016-02-22	
1666	1	17	29	34	39	47	2	2016-02-20	
1665	4	11	16	20	26	31	23	2016-02-17	
1664	8	20	25	30	43	49	28	2016-02-15	
1663	10	23	29	34	42	47	38	2016-02-13	
1662	10	31	35	37	38	48	20	2016-02-10	
1661	7	19	24	26	35	38	45	2016-02-08	
1660	1	7	23	25	30	36	19	2016-02-06	
1659	17	25	33	36	37	41	7	2016-02-03	
1658	1	7	21	29	30	46	10	2016-02-01	
1657	1	2	5	6	12	34	43	2016-01-30	
1656	13	29	30	33	41	47	10	2016-01-27	
1655	2	3	16	38	41	49	10	2016-01-25	
1654	15	16	18	22	29	37	10	2016-01-23	
1653	8	17	26	27	35	48	24	2016-01-20	
1652	11	24	28	32	39	41	43	2016-01-18	
1651	3	5	8	11	32	34	26	2016-01-16	
1650	5	8	10	15	42	47	12	2016-01-13	
1649	3	8	11	14	30	48	49	2016-01-11	
1648	11	17	21	33	40	45	26	2016-01-09	
1647	3	17	23	36	48	49	20	2016-01-06	
1646	12	18	27	28	39	44	19	2016-01-04	
1645	1	8	11	13	21	48	28	2016-01-02	
1644	9	26	27	39	41	46	15	2015-12-30	
1643	10	12	14	21	28	29	45	2015-12-28	
1642	8	19	22	29	43	44	30	2015-12-26	
1641	11	12	22	41	47	49	26	2015-12-23	
1640	13	23	32	36	43	48	41	2015-12-21	
1639	6	9	14	24	45	48	18	2015-12-19	
1638	15	17	19	20	28	48	34	2015-12-16	
1637	2	7	20	27	35	47	8	2015-12-14	
1636	15	31	37	42	43	48	7	2015-12-12	
1635	20	23	29	31	36	43	15	2015-12-09	
1634	7	9	15	20	23	49	35	2015-12-05	
1633	1	15	16	24	31	35	4	2015-12-02	
1632	15	18	20	34	39	48	43	2015-11-28	
1631	13	26	33	34	37	46	4	2015-11-25	
1630	3	32	36	39	40	42	8	2015-11-21	
1629	7	26	32	40	43	45	23	2015-11-18	
1628	10	12	20	27	28	46	47	2015-11-14	
1627	2	5	7	11	33	45	8	2015-11-11	
1626	8	17	30	44	46	49	9	2015-11-07	
1625	20	32	40	42	46	48	41	2015-11-04	
1624	7	12	15	19	28	45	38	2015-10-31	
1623	15	20	23	24	31	45	33	2015-10-28	
1622	11	17	22	31	45	48	40	2015-10-24	
1621	14	15	23	27	34	43	38	2015-10-21	
1620	1	14	18	20	33	36	42	2015-10-17	
1619	6	11	24	31	32	48	5	2015-10-14	
1618	7	12	14	22	26	45	39	2015-10-10	
1617	13	19	22	27	40	44	48	2015-10-07	
1615	3	12	28	29	31	42	45	2015-09-30	
1614	7	11	12	20	26	46	15	2015-09-26	
1613	12	18	24	26	39	47	37	2015-09-23	
1612	5	9	18	39	40	45	29	2015-09-19	
1611	11	22	24	30	31	34	16	2015-09-16	
1610	1	3	5	14	26	31	8	2015-09-12	
1609	7	25	26	41	48	49	14	2015-09-09	
1608	11	13	27	34	36	38	4	2015-09-05	
1607	2	19	28	40	47	49	29	2015-09-02	
1606	8	11	18	37	38	47	9	2015-08-29	
1605	5	12	18	28	29	38	17	2015-08-26	
1604	2	21	22	32	33	46	11	2015-08-22	
1603	7	18	26	27	35	47	30	2015-08-19	
1602	5	18	39	42	48	49	24	2015-08-15	
1601	5	11	21	35	46	49	7	2015-08-12	
1600	4	8	11	33	41	48	25	2015-08-08	
1599	17	30	31	32	35	43	41	2015-08-05	
1598	6	8	24	31	41	46	17	2015-08-01	
1597	7	13	24	30	35	39	11	2015-07-29	
1596	2	3	6	16	20	36	32	2015-07-25	
1595	10	12	17	22	23	31	8	2015-07-22	
1594	19	22	24	33	34	36	49	2015-07-18	
1593	7	16	17	21	22	26	12	2015-07-15	
1592	14	16	17	23	40	44	27	2015-07-11	
1591	13	25	26	27	33	34	28	2015-07-08	
1590	1	3	10	22	35	43	33	2015-07-04	
1589	5	7	8	19	43	49	44	2015-07-01	
1588	5	8	13	27	33	49	46	2015-06-27	
1587	14	18	21	27	29	36	10	2015-06-24	
1586	1	7	9	36	39	48	43	2015-06-20	
1585	3	5	7	20	27	32	46	2015-06-17	
1584	6	16	18	27	37	45	36	2015-06-13	
1583	23	25	27	29	36	46	40	2015-06-10	
1582	11	16	40	44	45	47	13	2015-06-06	
1581	12	21	23	26	29	30	46	2015-06-03	
1580	1	3	13	27	44	46	16	2015-05-30	
1579	8	10	18	19	34	44	15	2015-05-27	
1578	2	9	15	32	38	49	42	2015-05-23	
1577	4	11	38	39	40	44	32	2015-05-20	
1576	16	21	22	42	44	46	25	2015-05-16	
1575	16	24	28	31	35	43	49	2015-05-13	
1574	11	18	29	32	35	40	4	2015-05-09	
1573	12	17	25	26	40	45	37	2015-05-06	
1572	10	25	26	27	35	44	36	2015-05-02	
1571	3	24	27	28	35	48	43	2015-04-29	
1570	1	2	16	17	28	35	42	2015-04-25	
1569	1	14	30	33	34	46	40	2015-04-22	
1568	8	11	15	23	30	36	48	2015-04-18	
1567	4	5	19	23	24	40	21	2015-04-15	
1566	1	12	35	38	44	45	23	2015-04-11	
1565	5	22	34	38	46	48	27	2015-04-08	
1564	15	17	28	33	35	40	25	2015-04-04	
1563	22	31	36	41	45	47	33	2015-04-01	
1562	4	12	23	33	41	45	8	2015-03-28	
1561	24	26	27	30	40	45	14	2015-03-25	
1560	11	20	22	26	37	46	19	2015-03-21	
1559	7	10	13	32	39	41	42	2015-03-18	
1558	4	15	22	26	29	41	48	2015-03-14	
1557	4	20	26	28	34	49	25	2015-03-11	
1556	2	12	33	43	44	45	22	2015-03-07	
1555	13	21	27	28	31	48	33	2015-03-04	
1554	5	7	22	26	29	43	10	2015-02-28	
1553	7	18	19	28	32	48	47	2015-02-25	
1552	3	5	11	16	37	49	14	2015-02-21	
1551	1	8	9	14	28	40	29	2015-02-18	
1550	1	6	8	15	23	34	22	2015-02-14	
1549	3	19	21	27	38	45	34	2015-02-11	
1548	6	8	10	17	40	44	48	2015-02-07	
1547	5	11	27	34	45	47	41	2015-02-04	
1546	6	8	12	19	25	49	14	2015-01-31	
1545	8	14	18	35	41	44	30	2015-01-28	
1544	6	7	14	31	33	38	36	2015-01-24	
1543	2	3	20	36	39	45	27	2015-01-21	
1542	3	19	29	30	31	42	25	2015-01-17	
1541	8	16	19	24	37	41	9	2015-01-14	
1540	2	6	24	29	33	44	31	2015-01-10	
1539	5	7	11	21	42	45	32	2015-01-07	
1538	1	9	10	16	17	41	24	2015-01-03	
1536	12	15	25	27	34	47	37	2014-12-27	
1535	6	13	14	38	39	41	32	2014-12-24	
1534	1	6	11	18	31	49	20	2014-12-20	
1533	3	4	11	28	41	42	32	2014-12-17	
1532	3	17	18	36	40	43	7	2014-12-13	
1531	2	4	8	12	16	39	40	2014-12-10	
1530	15	17	21	30	31	44	7	2014-12-06	
1529	1	3	8	30	34	47	9	2014-12-03	
1528	7	16	20	33	45	47	43	2014-11-29	
1527	3	18	21	31	34	49	24	2014-11-26	
1526	1	20	27	28	32	41	42	2014-11-22	
1525	18	24	25	37	38	47	42	2014-11-19	
1524	14	16	17	21	22	25	18	2014-11-15	
1523	1	5	8	27	33	35	48	2014-11-12	
1522	6	10	18	26	30	47	32	2014-11-08	
1521	1	12	15	17	22	30	49	2014-11-05	
1520	4	7	28	35	39	44	26	2014-11-01	
1519	12	14	22	23	28	48	3	2014-10-29	
1518	7	16	26	29	46	49	32	2014-10-25	
1517	4	6	25	28	42	45	37	2014-10-22	
1516	1	3	8	17	23	49	34	2014-10-18	
1515	19	25	29	32	43	48	15	2014-10-15	
1514	4	27	32	40	42	44	28	2014-10-11	
1513	13	21	35	40	42	45	26	2014-10-08	
1512	2	10	22	36	44	45	11	2014-10-04	
1511	11	16	25	27	32	35	24	2014-10-01	
1510	17	21	22	23	44	49	9	2014-09-27	
1509	34	39	40	44	46	49	14	2014-09-24	
1508	2	9	28	30	39	48	22	2014-09-20	
1507	11	12	26	31	36	45	28	2014-09-17	
1506	5	13	19	25	37	40	15	2014-09-13	
1505	21	23	30	42	45	48	6	2014-09-10	
1504	1	6	9	13	28	36	18	2014-09-06	
1503	3	4	5	9	26	48	24	2014-09-03	
1502	6	11	19	36	46	49	29	2014-08-30	
1501	1	3	31	35	39	47	46	2014-08-27	
1500	12	21	31	36	38	39	24	2014-08-23	
1499	7	8	11	13	32	40	5	2014-08-20	
1498	2	4	7	10	13	38	32	2014-08-16	
1497	3	13	15	33	35	49	16	2014-08-13	
1496	3	5	11	20	40	47	28	2014-08-09	
1495	2	14	21	27	28	36	40	2014-08-06	
1494	8	10	28	32	34	36	7	2014-08-02	
1493	5	17	31	36	39	48	13	2014-07-30	
1492	2	6	8	14	15	45	19	2014-07-26	
1491	4	15	30	32	38	42	31	2014-07-23	
1490	8	10	14	38	46	49	7	2014-07-19	
1489	5	8	32	33	36	47	42	2014-07-16	
1488	3	18	23	26	30	40	41	2014-07-12	
1487	6	16	21	36	37	46	35	2014-07-09	
1486	1	4	5	12	15	33	44	2014-07-05	
1485	6	8	13	17	31	39	24	2014-07-02	
1484	1	15	19	23	29	37	41	2014-06-28	
1483	3	7	11	15	28	35	38	2014-06-25	
1482	1	20	29	30	31	45	3	2014-06-21	
1481	10	23	31	34	35	44	14	2014-06-18	
1480	13	16	22	35	44	45	12	2014-06-14	
1479	26	27	34	35	40	41	15	2014-06-11	
1478	7	13	22	25	40	45	21	2014-06-07	
1477	8	9	20	24	37	43	25	2014-06-04	
1476	11	13	22	27	31	35	18	2014-05-31	
1475	6	17	24	26	37	43	36	2014-05-28	
1474	7	9	25	39	40	46	8	2014-05-24	
1473	5	9	14	25	30	47	38	2014-05-21	
1472	1	5	18	25	28	49	4	2014-05-17	
1471	3	8	16	17	25	42	18	2014-05-14	
1470	3	13	16	22	26	48	49	2014-05-10	
1469	4	5	15	27	32	48	3	2014-05-07	
1468	11	13	25	29	35	48	32	2014-05-03	
1467	11	12	24	25	41	44	16	2014-04-30	
1466	6	7	12	14	25	43	29	2014-04-26	
1465	15	19	22	24	40	45	2	2014-04-23	
1464	8	9	14	21	23	27	19	2014-04-19	
1463	3	15	28	32	37	47	44	2014-04-16	
1462	11	12	18	19	30	39	35	2014-04-12	
1461	4	11	23	31	37	44	40	2014-04-09	
1460	5	14	18	19	28	41	1	2014-04-05	
1459	9	19	29	35	36	39	2	2014-04-02	
1458	5	11	16	18	22	41	44	2014-03-29	
1457	2	11	12	31	39	45	1	2014-03-26	
1456	10	16	21	34	38	44	1	2014-03-22	
1455	8	18	23	31	46	47	17	2014-03-19	
1454	7	14	27	40	41	42	6	2014-03-15	
1453	20	29	32	35	38	45	15	2014-03-12	
1452	6	9	14	27	42	47	24	2014-03-08	
1451	4	15	25	32	33	44	37	2014-03-05	
1450	3	15	17	19	34	49	42	2014-03-01	
1449	3	9	17	28	29	31	30	2014-02-26	
1448	6	9	11	15	21	30	45	2014-02-22	
1447	9	11	15	18	19	29	17	2014-02-19	
1446	4	11	37	41	45	49	20	2014-02-15	
1445	15	20	22	40	44	45	9	2014-02-12	
1444	1	5	26	31	40	44	7	2014-02-08	
1443	16	29	34	37	40	46	17	2014-02-05	
1442	33	36	38	41	44	45	32	2014-02-01	
1441	1	15	16	24	26	32	40	2014-01-29	
1440	2	4	7	10	31	39	20	2014-01-25	
1439	9	25	29	37	42	44	36	2014-01-22	
1438	1	4	20	30	34	40	47	2014-01-18	
1437	13	18	26	31	39	40	28	2014-01-15	
1436	7	23	27	31	33	37	5	2014-01-11	
1435	4	6	11	18	23	27	48	2014-01-08	
1434	3	18	20	29	35	47	40	2014-01-04	
1433	2	17	20	33	38	41	8	2014-01-01	
1432	2	3	35	38	41	43	46	2013-12-28	
1431	9	11	14	17	32	39	21	2013-12-25	
1430	4	27	28	29	34	36	39	2013-12-21	
1429	3	8	18	38	43	45	48	2013-12-18	
1428	2	6	10	18	32	49	23	2013-12-14	
1427	4	26	31	34	37	40	39	2013-12-11	
1426	7	29	30	35	39	40	10	2013-12-07	
1425	1	25	27	34	36	45	5	2013-12-04	
1424	19	29	42	43	46	47	36	2013-11-30	
1423	3	12	15	24	36	48	20	2013-11-27	
1422	9	11	20	27	45	49	21	2013-11-23	
1421	2	22	30	32	35	42	24	2013-11-20	
1420	8	12	17	34	38	39	49	2013-11-16	
1419	2	19	29	38	39	48	46	2013-11-13	
1418	9	12	26	34	45	47	23	2013-11-09	
1417	1	11	21	30	42	48	16	2013-11-06	
1416	6	10	11	35	43	45	34	2013-11-02	
1415	12	20	26	30	44	47	46	2013-10-30	
1414	3	25	29	34	35	45	39	2013-10-26	
1413	8	18	24	35	44	48	23	2013-10-23	
1412	3	9	11	13	24	42	47	2013-10-19	
1411	14	15	28	38	43	49	9	2013-10-16	
1410	3	13	14	17	26	33	11	2013-10-12	
1409	2	12	27	28	35	41	49	2013-10-09	
1408	3	6	15	20	31	43	46	2013-10-05	
1407	4	18	21	26	35	41	14	2013-10-02	
1406	9	14	17	23	25	28	4	2013-09-28	
1405	15	33	35	41	43	47	19	2013-09-25	
1404	12	21	40	43	46	49	36	2013-09-21	
1403	1	7	10	27	40	48	20	2013-09-18	
1402	7	16	21	33	37	48	14	2013-09-14	
1401	4	10	11	20	26	28	40	2013-09-11	
1400	20	23	24	26	37	46	3	2013-09-07	
1399	3	9	10	34	44	47	11	2013-09-04	
1398	6	15	21	30	31	39	25	2013-08-31	
1397	16	23	28	30	36	42	44	2013-08-28	
1396	2	24	27	30	35	41	31	2013-08-24	
1395	13	18	19	24	28	31	3	2013-08-21	
1394	5	14	28	39	40	48	27	2013-08-17	
1393	4	8	9	19	35	44	5	2013-08-14	
1392	16	17	18	23	28	44	43	2013-08-10	
1391	11	16	26	33	35	47	45	2013-08-07	
1390	6	18	30	33	36	39	23	2013-08-03	
1389	20	26	27	33	35	47	42	2013-07-31	
1388	8	15	22	24	29	41	13	2013-07-27	
1387	13	15	22	32	47	48	21	2013-07-24	
1386	4	7	12	21	29	34	49	2013-07-20	
1384	10	16	32	41	42	43	2	2013-07-13	
1383	14	27	30	32	34	39	37	2013-07-10	
1382	7	11	38	41	47	48	8	2013-07-06	
1381	10	20	24	30	31	40	47	2013-07-03	
1380	2	8	15	19	20	47	13	2013-06-29	
1379	15	17	28	32	35	37	23	2013-06-26	
1378	20	25	26	39	41	46	8	2013-06-22	
1377	10	12	14	23	35	40	38	2013-06-19	
1376	5	6	19	35	44	46	11	2013-06-15	
1375	11	14	18	24	37	39	7	2013-06-12	
1374	1	12	13	16	25	37	36	2013-06-08	
1373	6	9	20	26	39	40	49	2013-06-05	
1372	22	25	31	34	46	47	14	2013-06-01	
1371	4	15	20	30	38	49	22	2013-05-29	
1370	4	16	27	29	31	44	19	2013-05-25	
1369	5	17	18	28	44	48	8	2013-05-22	
1368	5	10	21	28	31	41	46	2013-05-18	
1367	5	17	27	41	45	46	38	2013-05-15	
1366	4	14	21	33	42	44	25	2013-05-11	
1365	4	18	22	24	26	36	49	2013-05-08	
1364	1	2	5	15	18	23	28	2013-05-04	
1363	12	19	25	37	47	49	48	2013-05-01	
1362	10	11	14	23	26	32	49	2013-04-27	
1361	9	20	25	30	37	40	46	2013-04-24	
1360	8	17	31	41	42	45	26	2013-04-20	
1359	6	9	11	17	25	29	41	2013-04-17	
1358	8	9	31	32	36	46	37	2013-04-13	
1357	3	8	10	14	35	41	49	2013-04-10	
1356	3	28	39	40	43	47	44	2013-04-06	
1355	4	13	32	36	41	47	33	2013-04-03	
1354	14	22	29	30	35	39	27	2013-03-30	
1353	2	7	20	30	36	41	15	2013-03-27	
1352	4	10	11	22	38	46	32	2013-03-23	
1351	2	4	16	23	36	48	15	2013-03-20	
1350	20	23	29	32	37	38	22	2013-03-16	
1349	1	3	13	15	32	37	5	2013-03-13	
1348	1	7	21	23	31	37	24	2013-03-09	
1347	2	12	15	36	39	47	23	2013-03-06	
1346	1	3	13	23	35	43	34	2013-03-02	
1345	11	18	24	27	33	45	3	2013-02-27	
1344	1	10	12	26	43	49	41	2013-02-23	
1343	8	16	20	31	34	47	37	2013-02-20	
1342	6	7	27	28	32	44	22	2013-02-16	
1341	7	12	15	28	35	42	33	2013-02-13	
1340	6	29	33	40	42	47	28	2013-02-09	
1339	30	33	35	36	38	43	23	2013-02-06	
1338	10	19	23	28	42	46	48	2013-02-02	
1337	8	9	24	37	40	42	5	2013-01-30	
1336	7	9	29	34	38	43	6	2013-01-26	
1335	5	9	14	15	28	42	41	2013-01-23	
1334	2	10	35	39	45	46	8	2013-01-19	
1333	9	22	24	29	40	48	19	2013-01-16	
1332	1	2	5	32	39	47	45	2013-01-12	
1331	13	21	27	29	32	35	38	2013-01-09	
1330	5	8	33	36	43	45	37	2013-01-05	
1329	1	5	25	31	33	45	22	2013-01-02	
1224	2	12	18	22	23	26	30	2012-12-31	
1324	12	16	24	31	43	46	10	2012-12-15	
1323	6	14	26	29	46	48	19	2012-12-12	
1322	7	17	25	36	48	49	1	2012-12-08	
1321	20	28	33	42	48	49	18	2012-12-05	
1320	1	2	12	30	38	41	31	2012-12-01	
1319	13	19	29	31	35	49	20	2012-11-28	
1318	9	12	17	41	42	45	15	2012-11-24	
1317	6	11	19	22	35	46	4	2012-11-21	
1316	5	18	19	25	28	34	29	2012-11-17	
1315	9	14	25	30	37	41	8	2012-11-14	
1314	4	8	23	44	46	49	2	2012-11-10	
1313	9	14	22	32	39	49	4	2012-11-07	
1312	3	10	37	42	45	49	22	2012-11-03	
1311	21	30	34	38	40	42	47	2012-10-31	
1310	5	7	11	17	24	45	14	2012-10-27	
1309	1	3	4	6	20	48	21	2012-10-24	
1308	10	12	18	24	39	43	33	2012-10-20	
1307	1	24	29	34	35	41	21	2012-10-17	
1306	2	16	20	21	29	32	49	2012-10-13	
1305	2	8	15	19	33	44	7	2012-10-10	
1304	9	14	27	29	35	39	34	2012-10-06	
1303	5	9	11	13	36	48	18	2012-10-03	
1302	1	3	6	22	42	43	4	2012-09-29	
1301	6	9	12	13	35	44	4	2012-09-26	
1300	11	21	23	25	31	41	36	2012-09-22	
1299	2	15	31	37	38	46	9	2012-09-19	
1298	5	8	11	13	15	19	24	2012-09-15	
1297	6	12	20	25	35	47	15	2012-09-12	
1296	6	8	12	16	43	45	1	2012-09-08	
1295	3	5	23	38	45	49	34	2012-09-05	
1294	1	10	11	14	31	45	16	2012-09-01	
1293	4	8	17	18	35	44	42	2012-08-29	
1292	6	11	18	24	28	41	13	2012-08-25	
1291	1	2	7	34	46	47	49	2012-08-22	
1290	21	28	37	40	44	46	12	2012-08-18	
1289	2	4	6	8	9	30	13	2012-08-15	
1288	20	23	34	45	47	48	28	2012-08-11	
1287	2	8	23	28	38	46	16	2012-08-08	
1286	1	14	20	22	39	43	6	2012-08-04	
1285	4	15	21	26	29	41	7	2012-08-01	
1284	5	21	28	29	47	49	20	2012-07-28	
1283	3	7	13	19	29	35	49	2012-07-25	
1282	4	20	36	42	43	44	12	2012-07-21	
1281	1	8	11	16	44	46	33	2012-07-18	
1280	7	24	26	36	40	47	38	2012-07-14	
1279	3	10	16	20	32	38	6	2012-07-11	
1278	6	8	21	26	30	32	28	2012-07-07	
1277	4	15	26	43	45	48	11	2012-07-04	
1276	1	6	16	17	26	41	49	2012-06-30	
1275	5	17	32	38	41	49	2	2012-06-27	
1274	6	10	24	40	42	43	18	2012-06-23	
1273	1	2	5	21	46	47	23	2012-06-20	
1272	1	8	14	33	36	46	2	2012-06-16	
1271	3	27	30	31	46	48	20	2012-06-13	
1270	2	6	8	16	33	44	46	2012-06-09	
1269	2	3	9	23	31	46	10	2012-06-06	
1268	2	14	18	28	37	40	4	2012-06-02	
1267	2	7	10	14	32	40	1	2012-05-30	
1266	6	11	12	15	17	45	1	2012-05-26	
1265	5	13	26	31	39	49	48	2012-05-23	
1264	4	12	18	19	38	47	20	2012-05-19	
1263	9	11	17	37	43	45	26	2012-05-16	
1262	3	7	19	31	35	47	26	2012-05-12	
1261	21	26	33	39	43	48	42	2012-05-09	
1260	12	20	36	37	39	44	47	2012-05-05	
1259	6	10	12	19	31	47	26	2012-05-02	
1258	4	8	28	30	41	46	26	2012-04-28	
1257	6	7	23	33	45	46	38	2012-04-25	
1256	18	25	28	31	32	48	42	2012-04-21	
1255	8	12	20	24	30	40	33	2012-04-18	
1254	2	4	18	25	32	40	8	2012-04-14	
1253	2	7	10	18	19	46	24	2012-04-11	
1252	7	16	23	25	48	49	19	2012-04-07	
1251	3	6	14	22	31	33	30	2012-04-04	
1250	12	21	37	39	43	46	20	2012-03-31	
1249	8	13	24	25	38	42	48	2012-03-28	
1248	15	19	27	28	30	46	13	2012-03-24	
1247	19	27	36	40	44	49	32	2012-03-21	
1246	2	4	6	23	40	47	20	2012-03-17	
1245	12	16	17	38	39	41	25	2012-03-14	
1244	1	2	6	10	30	32	24	2012-03-10	
1243	15	16	17	18	27	41	35	2012-03-07	
1242	27	37	39	43	45	46	35	2012-03-03	
1241	13	22	24	25	40	45	34	2012-02-29	
1240	9	12	24	35	47	49	30	2012-02-25	
1239	6	17	20	25	27	48	3	2012-02-22	
1238	7	17	22	28	29	43	13	2012-02-18	
1237	7	12	20	34	41	48	17	2012-02-15	
1236	8	14	20	37	38	47	28	2012-02-11	
1235	13	20	34	43	46	48	22	2012-02-08	
1234	11	17	24	30	36	44	48	2012-02-04	
1233	16	23	24	33	34	38	43	2012-02-01	
1232	2	7	17	26	41	43	19	2012-01-28	
1231	8	11	19	20	32	34	46	2012-01-25	
1230	8	9	14	18	30	32	24	2012-01-21	
1229	7	11	17	34	44	45	26	2012-01-18	
1228	10	16	25	28	43	44	20	2012-01-14	
1227	15	16	23	32	36	48	24	2012-01-11	
1226	8	11	15	32	41	47	16	2012-01-07	
1225	26	34	37	41	46	49	6	2012-01-04	
1223	9	23	24	32	38	44	8	2011-12-28	
1222	1	10	13	35	36	41	21	2011-12-24	
1221	1	7	24	31	44	45	36	2011-12-21	
1220	9	16	26	29	34	43	44	2011-12-17	
1219	9	12	19	26	33	38	32	2011-12-14	
1218	6	22	28	30	41	47	35	2011-12-10	
1217	10	17	25	29	38	45	43	2011-12-07	
1216	8	9	15	30	38	46	2	2011-12-03	
1215	5	15	22	26	39	43	11	2011-11-30	
1214	16	20	31	34	35	43	19	2011-11-26	
1213	1	16	30	33	35	43	10	2011-11-23	
1212	16	20	21	24	27	32	18	2011-11-19	
1211	6	8	16	20	25	48	22	2011-11-16	
1210	13	15	20	26	32	48	10	2011-11-12	
1209	1	25	28	37	45	48	5	2011-11-09	
1208	9	19	33	36	37	48	49	2011-11-05	
1207	2	5	20	21	35	39	33	2011-11-02	
1206	6	7	31	42	46	47	29	2011-10-29	
1205	5	8	10	16	23	30	33	2011-10-26	
1204	6	13	15	30	37	41	12	2011-10-22	
1203	11	26	28	30	31	38	3	2011-10-19	
1202	8	21	25	38	39	46	36	2011-10-15	
1201	3	15	26	32	47	49	5	2011-10-12	
1200	5	14	17	23	26	40	36	2011-10-08	
1199	9	10	17	25	42	49	38	2011-10-05	
1198	13	15	16	19	34	36	10	2011-10-01	
1197	6	7	9	11	23	29	5	2011-09-28	
1196	4	7	12	43	44	48	6	2011-09-24	
1195	8	9	10	20	40	43	36	2011-09-21	
1194	12	17	19	33	47	48	41	2011-09-17	
1193	2	10	11	29	31	41	45	2011-09-14	
1192	7	15	19	21	22	34	28	2011-09-10	
1191	16	28	37	40	43	48	49	2011-09-07	
1190	5	13	15	27	29	43	37	2011-09-03	
1189	17	18	20	22	37	47	35	2011-08-31	
1188	2	9	12	14	25	44	11	2011-08-27	
1187	19	20	21	43	48	49	6	2011-08-24	
1186	10	14	35	46	47	48	31	2011-08-20	
1185	7	11	26	39	41	46	23	2011-08-17	
1184	8	10	28	29	30	48	1	2011-08-13	
1183	2	16	17	31	41	44	30	2011-08-10	
1182	11	13	14	16	29	47	1	2011-08-06	
1181	11	14	21	27	33	38	37	2011-08-03	
1180	2	8	11	37	40	41	42	2011-07-30	
1179	4	8	21	42	47	48	44	2011-07-27	
1178	3	4	11	18	28	34	17	2011-07-23	
1177	17	20	26	33	36	43	5	2011-07-20	
1176	3	19	20	30	39	46	37	2011-07-16	
1175	13	19	23	30	34	45	24	2011-07-13	
1174	5	7	13	18	27	36	26	2011-07-09	
1173	2	12	31	33	39	47	49	2011-07-06	
1172	3	8	12	16	40	49	4	2011-07-02	
1171	10	12	15	18	36	42	38	2011-06-29	
1170	1	6	7	8	38	41	16	2011-06-25	
1169	5	8	15	17	19	36	33	2011-06-22	
1168	1	9	19	28	35	40	29	2011-06-18	
1167	1	3	9	12	31	44	41	2011-06-15	
1166	1	15	34	36	46	49	2	2011-06-11	
1165	5	15	25	27	41	47	30	2011-06-08	
1164	8	14	23	28	40	46	48	2011-06-04	
1163	2	33	35	37	42	47	7	2011-06-01	
1162	9	10	29	41	44	48	18	2011-05-28	
1161	6	9	30	33	35	36	24	2011-05-25	
1160	15	18	21	28	39	41	44	2011-05-21	
1159	1	4	12	23	27	29	14	2011-05-18	
1158	5	16	24	38	43	44	18	2011-05-14	
1157	2	3	15	25	30	37	35	2011-05-11	
1156	6	7	12	13	28	38	5	2011-05-07	
1155	12	17	18	19	31	44	30	2011-05-04	
1154	5	8	42	46	47	48	40	2011-04-30	
1153	4	11	19	22	42	46	21	2011-04-27	
1152	11	23	37	43	44	48	49	2011-04-23	
1151	22	27	30	32	47	49	45	2011-04-20	
1150	11	13	14	17	36	37	19	2011-04-16	
1149	9	20	27	34	35	38	25	2011-04-13	
1148	2	4	17	36	38	44	49	2011-04-09	
1147	7	11	32	34	40	49	44	2011-04-06	
1146	2	7	15	17	31	33	28	2011-04-02	
1145	10	22	25	31	38	48	33	2011-03-30	
1144	2	4	15	17	18	23	47	2011-03-26	
1143	8	11	19	20	30	31	5	2011-03-23	
1142	15	18	28	32	34	47	39	2011-03-19	
1141	5	11	20	21	22	48	9	2011-03-16	
1140	1	26	28	42	44	47	15	2011-03-12	
1139	26	33	39	43	44	46	32	2011-03-09	
1138	2	26	27	36	41	44	19	2011-03-05	
1137	2	4	7	36	43	48	39	2011-03-02	
1136	3	4	11	20	43	45	34	2011-02-26	
1135	1	18	24	26	27	49	42	2011-02-23	
1134	4	17	26	37	43	47	9	2011-02-19	
1133	3	19	34	39	41	43	4	2011-02-16	
1132	1	23	30	41	42	44	32	2011-02-12	
1131	1	8	26	34	36	44	23	2011-02-09	
1130	2	3	14	15	16	34	19	2011-02-05	
1129	3	29	34	37	39	49	36	2011-02-02	
1128	7	11	12	18	25	36	2	2011-01-29	
1127	28	29	30	32	34	47	11	2011-01-26	
1126	28	32	34	40	42	49	41	2011-01-22	
1125	16	19	26	35	38	45	31	2011-01-19	
1124	23	28	29	35	44	47	11	2011-01-15	
1123	8	18	19	27	31	47	24	2011-01-12	
1122	2	23	24	29	42	44	25	2011-01-08	
1121	2	34	41	44	47	49	24	2011-01-05	
1120	12	19	26	33	45	48	18	2011-01-01	
1119	3	12	27	36	40	46	47	2010-12-29	
1118	8	14	27	28	41	44	26	2010-12-25	
1117	3	9	12	21	30	36	25	2010-12-22	
1116	12	20	25	41	45	47	30	2010-12-18	
1115	1	2	14	21	29	34	43	2010-12-15	
1114	16	17	21	26	40	47	22	2010-12-11	
1113	2	11	18	28	40	46	38	2010-12-08	
1112	5	18	25	34	40	42	38	2010-12-04	
1111	11	16	18	21	37	38	35	2010-12-01	
1110	4	18	27	31	35	41	9	2010-11-27	
1109	7	8	26	30	39	42	2	2010-11-24	
1108	1	6	21	24	40	44	43	2010-11-20	
1107	6	16	23	24	31	41	3	2010-11-17	
1106	5	31	40	41	44	46	19	2010-11-13	
1105	9	19	20	25	36	49	13	2010-11-10	
1104	9	14	20	29	39	42	25	2010-11-06	
1103	12	18	21	34	41	47	11	2010-11-03	
1102	10	11	23	26	35	40	27	2010-10-30	
1101	3	18	21	28	44	45	36	2010-10-27	
1100	8	10	12	30	31	34	36	2010-10-23	
1099	3	16	22	27	40	46	10	2010-10-20	
1098	2	4	30	45	47	49	43	2010-10-16	
1097	7	24	34	37	39	49	2	2010-10-13	
1096	8	14	16	23	29	33	17	2010-10-09	
1095	5	14	20	23	42	48	45	2010-10-06	
1094	2	7	31	34	35	49	23	2010-10-02	
1093	24	25	29	30	35	39	32	2010-09-29	
1092	2	20	22	29	47	49	5	2010-09-25	
1091	3	12	20	31	35	48	30	2010-09-22	
1090	5	7	11	25	39	41	48	2010-09-18	
1089	8	11	12	16	23	25	29	2010-09-15	
1088	1	14	27	28	42	43	39	2010-09-11	
1087	9	18	23	30	37	45	38	2010-09-08	
1086	5	12	15	30	37	43	9	2010-09-04	
1085	7	15	19	21	26	29	47	2010-09-01	
1084	3	25	26	32	37	39	4	2010-08-28	
1083	5	8	19	25	27	49	48	2010-08-25	
1082	1	7	12	14	16	22	49	2010-08-21	
1081	13	17	19	27	31	42	5	2010-08-18	
1080	15	18	24	31	36	43	34	2010-08-14	
1079	6	8	9	14	26	36	43	2010-08-11	
1078	3	8	11	16	41	44	22	2010-08-07	
1077	2	17	32	43	46	49	9	2010-08-04	
1076	13	19	20	40	42	46	37	2010-07-31	
1075	5	12	30	31	32	39	44	2010-07-28	
1074	9	17	22	29	35	40	39	2010-07-24	
1073	6	14	27	30	34	44	47	2010-07-21	
1072	4	7	17	20	29	46	31	2010-07-17	
1071	6	15	17	21	33	36	40	2010-07-14	
1070	4	6	25	26	29	47	18	2010-07-10	
1069	2	5	9	38	39	40	42	2010-07-07	
1068	8	15	30	32	38	47	49	2010-07-03	
1067	10	14	15	27	42	48	5	2010-06-30	
1066	6	24	28	40	41	46	4	2010-06-26	
1065	3	15	29	31	37	45	38	2010-06-23	
1064	2	8	15	16	19	39	45	2010-06-19	
1063	3	9	16	26	32	47	20	2010-06-16	
1062	6	23	28	31	40	42	48	2010-06-12	
1061	6	11	15	17	19	21	27	2010-06-09	
1060	4	12	15	28	32	47	3	2010-06-05	
1059	16	22	25	32	33	40	48	2010-06-02	
1058	3	9	13	20	24	39	47	2010-05-29	
1057	4	11	22	31	39	45	14	2010-05-26	
1056	4	7	8	23	36	49	47	2010-05-22	
1055	2	12	13	17	25	49	41	2010-05-19	
1054	4	14	21	25	34	44	27	2010-05-15	
1053	3	22	36	45	46	49	37	2010-05-12	
1052	6	23	26	33	42	45	7	2010-05-08	
1051	2	3	8	9	13	37	7	2010-05-05	
1050	1	12	16	19	33	44	27	2010-05-01	
1049	13	19	22	24	34	46	41	2010-04-28	
1048	5	23	27	42	45	47	38	2010-04-24	
1047	3	15	30	32	36	43	11	2010-04-21	
1046	3	10	12	18	23	31	28	2010-04-17	
1045	3	23	29	33	44	46	35	2010-04-14	
1044	3	6	10	13	20	35	24	2010-04-10	
1043	4	7	30	32	36	42	34	2010-04-07	
1042	1	3	7	18	19	28	38	2010-04-03	
1041	3	5	23	30	37	49	29	2010-03-31	
1040	5	7	14	25	27	37	17	2010-03-27	
1039	5	8	22	26	33	40	7	2010-03-24	
1038	16	25	28	45	47	49	17	2010-03-20	
1037	22	23	32	39	40	48	8	2010-03-17	
1036	7	8	13	28	39	44	48	2010-03-13	
1035	2	5	13	38	42	43	34	2010-03-10	
1034	7	17	25	28	40	41	24	2010-03-06	
1033	17	21	38	41	43	45	6	2010-03-03	
1032	7	10	11	25	31	40	4	2010-02-27	
1031	2	5	29	37	43	49	38	2010-02-24	
1030	2	4	10	19	22	46	11	2010-02-20	
1029	13	25	27	29	31	41	46	2010-02-17	
1028	13	17	22	27	32	33	5	2010-02-13	
1027	11	13	21	29	37	45	28	2010-02-10	
1026	2	8	10	20	24	30	41	2010-02-06	
1025	2	3	5	36	38	46	28	2010-02-03	
1024	3	9	13	14	20	35	5	2010-01-30	
1023	7	18	19	39	43	48	27	2010-01-27	
1022	4	10	19	21	42	43	39	2010-01-23	
1021	1	8	9	11	23	32	34	2010-01-20	
1020	7	10	18	31	44	49	29	2010-01-16	
1019	8	9	11	14	24	41	23	2010-01-13	
1018	3	4	18	33	36	41	34	2010-01-09	
1017	7	12	31	32	47	49	48	2010-01-06	
1016	7	19	42	43	47	48	41	2010-01-02	
911	3	6	9	29	31	44	1	2009-12-30	
1014	3	10	16	25	31	35	17	2009-12-26	
1013	3	15	28	37	38	40	46	2009-12-23	
1012	9	20	21	24	27	48	32	2009-12-19	
1011	8	12	18	24	38	40	41	2009-12-16	
1010	12	17	21	25	35	49	14	2009-12-12	
1009	5	22	26	31	33	42	37	2009-12-09	
1008	13	16	27	37	39	46	5	2009-12-05	
1007	4	8	11	18	30	42	3	2009-12-02	
1006	4	5	9	17	20	32	40	2009-11-28	
1005	2	17	24	34	37	39	12	2009-11-25	
1004	6	7	13	14	33	44	45	2009-11-21	
1003	2	9	13	25	36	45	6	2009-11-18	
1002	17	18	40	41	44	47	24	2009-11-14	
1001	5	12	27	30	39	43	9	2009-11-11	
1000	1	13	22	24	31	39	21	2009-11-07	
999	2	8	12	28	38	40	11	2009-11-04	
998	3	6	12	14	26	35	2	2009-10-31	
997	8	15	41	44	45	49	27	2009-10-28	
996	1	15	28	39	43	44	21	2009-10-24	
995	2	6	37	40	47	48	34	2009-10-21	
994	3	4	12	21	25	45	47	2009-10-17	
993	5	12	28	40	42	48	1	2009-10-14	
992	20	22	32	41	43	47	5	2009-10-10	
991	4	5	6	34	40	41	37	2009-10-07	
990	8	9	17	20	27	36	44	2009-10-03	
989	15	18	30	39	41	46	7	2009-09-30	
988	4	15	19	20	27	38	25	2009-09-26	
987	6	17	20	21	27	44	29	2009-09-23	
986	9	12	14	23	31	39	17	2009-09-19	
985	3	12	22	39	40	46	5	2009-09-16	
984	5	22	26	30	39	46	8	2009-09-12	
983	15	17	19	23	32	49	31	2009-09-09	
982	1	14	27	29	40	43	6	2009-09-05	
981	1	14	22	32	35	41	30	2009-09-02	
980	11	13	18	21	29	41	46	2009-08-29	
979	4	5	28	36	40	49	13	2009-08-26	
978	33	35	38	40	41	47	36	2009-08-22	
977	13	19	23	28	40	48	12	2009-08-19	
976	2	12	17	20	41	44	34	2009-08-15	
975	4	19	24	25	28	44	20	2009-08-12	
974	9	12	21	25	34	38	48	2009-08-08	
973	3	4	24	35	39	42	5	2009-08-05	
972	3	6	19	28	34	47	40	2009-08-01	
971	1	4	14	16	27	29	30	2009-07-29	
970	2	4	7	30	33	37	19	2009-07-25	
969	6	17	22	29	32	45	19	2009-07-22	
968	2	4	5	23	41	43	24	2009-07-18	
967	2	7	12	26	39	40	33	2009-07-15	
966	6	26	30	31	33	47	4	2009-07-11	
965	8	11	14	40	41	45	38	2009-07-08	
964	5	11	16	18	22	24	35	2009-07-04	
963	7	22	24	32	41	42	12	2009-07-01	
962	16	24	27	28	39	45	32	2009-06-27	
961	4	12	20	23	41	45	48	2009-06-24	
960	4	5	14	15	17	33	3	2009-06-20	
959	8	14	34	37	40	48	45	2009-06-17	
958	8	11	14	29	30	45	36	2009-06-13	
957	17	21	32	37	38	39	23	2009-06-10	
956	1	23	30	38	42	45	48	2009-06-06	
955	7	25	30	35	38	42	14	2009-06-03	
954	7	13	28	36	40	47	39	2009-05-30	
953	18	20	22	29	31	34	28	2009-05-27	
952	6	15	24	28	34	35	22	2009-05-23	
951	5	15	18	27	45	48	8	2009-05-20	
950	10	30	36	39	40	41	24	2009-05-16	
949	2	20	24	28	35	36	49	2009-05-13	
948	3	7	16	28	45	46	39	2009-05-09	
947	1	24	34	36	43	48	25	2009-05-06	
946	14	16	18	19	24	37	44	2009-05-02	
945	4	18	21	26	33	47	48	2009-04-29	
944	16	22	23	31	39	45	14	2009-04-25	
943	17	22	27	28	43	49	15	2009-04-22	
942	11	21	26	30	43	45	29	2009-04-18	
941	8	11	34	36	37	40	39	2009-04-15	
940	7	13	15	24	43	44	49	2009-04-11	
939	11	19	32	33	44	47	35	2009-04-08	
938	16	26	29	44	45	46	37	2009-04-04	
937	11	12	16	41	42	43	20	2009-04-01	
936	3	4	7	12	35	44	9	2009-03-28	
935	6	7	17	22	26	36	49	2009-03-25	
934	3	8	17	38	43	45	16	2009-03-21	
933	1	6	9	11	32	44	27	2009-03-18	
932	10	23	26	27	37	46	49	2009-03-14	
931	8	13	17	28	33	37	9	2009-03-11	
930	3	6	8	12	31	42	36	2009-03-07	
929	1	6	10	13	46	47	17	2009-03-04	
928	18	20	26	30	40	46	10	2009-02-28	
927	3	17	21	30	36	48	29	2009-02-25	
926	4	29	33	40	41	49	15	2009-02-21	
925	2	9	10	21	39	44	40	2009-02-18	
924	3	16	19	26	30	41	28	2009-02-14	
923	11	13	17	22	24	42	15	2009-02-11	
922	10	27	29	30	31	43	6	2009-02-07	
921	1	10	25	26	29	48	44	2009-02-04	
920	6	25	33	34	38	39	3	2009-01-31	
919	8	18	26	32	38	44	19	2009-01-28	
918	9	13	17	31	38	48	5	2009-01-24	
917	4	5	20	27	43	48	18	2009-01-21	
916	1	8	12	28	31	43	38	2009-01-17	
915	1	6	29	38	45	49	47	2009-01-14	
914	4	11	13	14	23	32	16	2009-01-10	
913	2	15	18	25	39	43	31	2009-01-07	
912	12	21	27	30	37	40	18	2009-01-03	
910	14	16	18	30	46	48	26	2008-12-27	
909	13	23	25	41	45	47	44	2008-12-24	
908	7	18	19	32	42	49	39	2008-12-20	
907	4	7	31	33	37	46	35	2008-12-17	
906	10	15	21	27	40	48	6	2008-12-13	
905	8	9	17	26	28	33	39	2008-12-10	
904	14	18	28	33	46	48	13	2008-12-06	
903	2	11	18	41	42	43	34	2008-12-03	
902	3	8	9	25	41	49	42	2008-11-29	
901	5	20	32	42	44	47	46	2008-11-26	
900	6	9	18	46	47	48	17	2008-11-22	
899	11	28	35	39	41	43	2	2008-11-19	
898	14	15	18	26	32	34	10	2008-11-15	
897	14	21	22	29	43	44	24	2008-11-12	
896	5	7	21	24	38	48	18	2008-11-08	
895	5	6	13	15	17	41	25	2008-11-05	
894	3	4	15	18	20	42	45	2008-11-01	
893	13	27	28	30	46	48	8	2008-10-29	
892	1	6	9	12	18	48	13	2008-10-25	
891	2	11	13	18	38	43	47	2008-10-22	
890	6	7	8	11	43	49	40	2008-10-18	
889	1	3	16	36	38	39	2	2008-10-15	
888	6	7	19	20	37	49	3	2008-10-11	
887	5	17	20	21	32	36	4	2008-10-08	
886	4	15	40	41	46	47	18	2008-10-04	
885	3	15	23	28	41	44	9	2008-10-01	
884	17	19	20	23	24	34	2	2008-09-27	
883	12	14	16	19	26	42	22	2008-09-24	
882	13	16	21	27	40	44	2	2008-09-20	
881	10	26	27	35	40	45	21	2008-09-17	
880	14	22	36	42	43	45	10	2008-09-13	
879	3	20	32	36	41	44	9	2008-09-10	
878	5	13	20	35	40	47	36	2008-09-06	
877	2	15	19	22	27	48	30	2008-09-03	
876	14	25	29	40	46	47	6	2008-08-30	
875	2	6	15	33	36	43	44	2008-08-27	
874	4	7	29	35	36	45	40	2008-08-23	
873	6	13	18	24	27	42	48	2008-08-20	
872	4	5	27	29	30	35	32	2008-08-16	
871	19	24	27	33	36	49	14	2008-08-13	
870	9	16	19	21	35	39	26	2008-08-09	
869	19	21	27	34	40	42	4	2008-08-06	
868	1	28	37	38	40	43	22	2008-08-02	
867	5	8	9	22	32	38	13	2008-07-30	
866	3	16	19	21	39	49	7	2008-07-26	
865	6	19	20	26	38	41	21	2008-07-23	
864	3	6	10	11	32	34	26	2008-07-19	
863	15	27	29	31	36	45	40	2008-07-16	
862	2	11	18	35	38	41	37	2008-07-12	
861	13	17	18	24	25	35	28	2008-07-09	
860	8	12	21	24	31	47	27	2008-07-05	
859	8	14	28	29	33	47	39	2008-07-02	
858	4	5	8	15	16	30	21	2008-06-28	
857	3	19	23	28	30	38	8	2008-06-25	
856	12	18	27	28	33	35	40	2008-06-21	
855	8	11	13	19	39	42	1	2008-06-18	
854	6	20	22	33	35	44	16	2008-06-14	
853	13	18	19	22	26	43	7	2008-06-11	
852	4	16	37	43	46	49	36	2008-06-07	
851	22	30	31	33	35	47	21	2008-06-04	
850	3	9	25	32	37	42	7	2008-05-31	
849	32	33	36	39	41	43	16	2008-05-28	
848	2	4	8	21	35	43	48	2008-05-24	
847	6	9	22	24	29	34	39	2008-05-21	
846	5	13	16	18	35	47	11	2008-05-17	
845	3	9	21	23	28	48	47	2008-05-14	
844	3	7	8	11	13	38	39	2008-05-10	
843	6	9	12	16	20	27	1	2008-05-07	
842	3	15	20	26	41	49	22	2008-05-03	
841	2	5	11	18	38	46	31	2008-04-30	
840	6	11	13	35	41	44	38	2008-04-26	
839	4	8	13	26	28	31	25	2008-04-23	
838	8	13	20	24	30	40	44	2008-04-19	
837	7	8	9	28	29	46	11	2008-04-16	
836	21	24	27	29	35	40	43	2008-04-12	
835	6	9	30	32	41	42	15	2008-04-09	
834	2	10	19	25	40	48	13	2008-04-05	
833	5	21	29	31	38	44	19	2008-04-02	
832	2	9	13	22	30	46	15	2008-03-29	
831	15	20	21	24	26	44	19	2008-03-26	
830	4	12	15	22	34	36	6	2008-03-22	
829	4	13	15	30	33	36	3	2008-03-19	
828	10	12	24	33	34	42	19	2008-03-15	
827	19	30	36	39	40	49	25	2008-03-12	
826	9	25	34	36	38	45	28	2008-03-08	
825	7	15	25	42	45	46	5	2008-03-05	
824	19	26	36	39	44	45	49	2008-03-01	
823	6	15	31	39	47	49	27	2008-02-27	
822	2	4	8	13	32	46	33	2008-02-23	
821	1	19	20	31	39	45	4	2008-02-20	
820	3	6	12	25	43	44	5	2008-02-16	
819	2	3	10	23	38	39	31	2008-02-13	
818	4	10	14	22	28	49	26	2008-02-09	
817	3	6	7	8	24	28	22	2008-02-06	
816	28	32	36	43	46	49	4	2008-02-02	
815	2	19	27	33	35	36	22	2008-01-30	
814	2	4	9	26	34	41	20	2008-01-26	
813	2	3	24	35	38	45	18	2008-01-23	
812	18	20	23	29	43	46	40	2008-01-19	
811	3	13	27	29	30	49	42	2008-01-16	
810	14	32	35	36	40	49	31	2008-01-12	
809	2	11	17	26	29	43	31	2008-01-09	
808	2	12	23	27	40	41	26	2008-01-05	
807	1	5	11	36	44	46	12	2008-01-02	
806	7	27	38	41	45	48	16	2007-12-29	
805	6	7	13	14	41	44	21	2007-12-26	
804	3	21	23	33	39	43	11	2007-12-22	
803	5	24	30	41	44	45	48	2007-12-19	
802	2	9	12	16	26	36	18	2007-12-15	
801	14	18	29	38	44	49	43	2007-12-12	
800	21	30	38	39	46	49	17	2007-12-08	
799	1	17	24	25	35	40	4	2007-12-05	
798	6	28	38	40	46	47	44	2007-12-01	
797	1	5	22	32	41	42	34	2007-11-28	
795	4	11	12	24	42	47	7	2007-11-21	
794	8	23	24	26	29	34	31	2007-11-17	
793	13	23	31	39	40	44	11	2007-11-14	
792	11	13	27	36	43	47	26	2007-11-10	
791	18	20	28	35	40	41	43	2007-11-07	
790	4	12	27	28	35	42	36	2007-11-03	
789	2	13	14	20	21	22	30	2007-10-31	
788	5	13	28	35	40	49	18	2007-10-27	
787	6	12	17	22	25	32	38	2007-10-24	
786	12	16	19	28	30	36	26	2007-10-20	
785	11	24	27	36	37	48	10	2007-10-17	
784	1	24	32	38	39	43	33	2007-10-13	
783	2	18	19	25	32	42	36	2007-10-10	
782	12	34	35	38	40	45	6	2007-10-06	
781	5	10	12	13	17	38	43	2007-10-03	
780	1	3	22	23	32	36	24	2007-09-29	
779	17	18	22	25	27	48	46	2007-09-26	
778	7	12	18	21	24	34	6	2007-09-22	
777	17	20	21	38	40	48	2	2007-09-19	
776	19	21	31	35	41	43	27	2007-09-15	
775	11	15	22	23	25	40	10	2007-09-12	
774	19	26	34	39	43	48	47	2007-09-08	
773	5	6	16	28	34	43	25	2007-09-05	
772	9	13	16	21	35	37	38	2007-09-01	
771	11	15	22	27	38	49	40	2007-08-29	
770	1	10	12	14	44	48	19	2007-08-25	
769	1	3	11	22	41	49	34	2007-08-22	
768	26	31	34	35	41	43	48	2007-08-18	
767	12	25	33	34	38	46	2	2007-08-15	
766	2	7	31	33	41	45	26	2007-08-11	
765	11	12	13	14	30	39	18	2007-08-08	
764	11	16	17	20	21	25	33	2007-08-04	
763	2	5	25	31	45	49	19	2007-08-01	
762	5	13	14	25	27	37	11	2007-07-28	
761	4	24	26	29	32	46	3	2007-07-25	
760	3	4	28	38	39	48	20	2007-07-21	
759	6	8	11	18	30	45	17	2007-07-18	
758	3	7	10	11	36	37	13	2007-07-14	
757	17	33	39	41	42	44	19	2007-07-11	
756	5	7	12	14	23	44	38	2007-07-07	
755	13	21	24	25	31	44	27	2007-07-04	
754	2	19	23	27	30	49	11	2007-06-30	
753	5	14	16	20	21	37	36	2007-06-27	
752	3	6	18	19	27	34	38	2007-06-23	
751	6	16	19	42	43	47	29	2007-06-20	
750	11	12	18	31	33	47	1	2007-06-16	
749	16	34	36	40	42	43	33	2007-06-13	
748	2	22	31	35	37	41	17	2007-06-09	
747	3	4	5	7	29	48	24	2007-06-06	
746	13	15	19	22	31	47	2	2007-06-02	
745	9	11	28	29	30	39	24	2007-05-30	
744	19	21	24	29	36	46	45	2007-05-26	
743	5	11	16	21	41	42	19	2007-05-23	
742	4	19	26	38	40	46	12	2007-05-19	
741	1	6	13	14	21	23	38	2007-05-16	
740	8	13	30	32	40	48	22	2007-05-12	
738	4	28	34	43	45	47	16	2007-05-05	
737	4	10	13	15	20	33	48	2007-05-02	
736	1	26	37	40	43	44	5	2007-04-28	
735	2	7	9	13	15	44	24	2007-04-25	
734	16	18	22	31	36	41	47	2007-04-21	
733	7	16	25	26	32	41	33	2007-04-18	
732	7	10	15	16	21	39	36	2007-04-14	
731	4	6	17	30	36	44	49	2007-04-11	
730	21	30	35	39	46	48	42	2007-04-07	
729	2	3	16	21	31	49	7	2007-04-04	
728	9	39	40	42	43	45	23	2007-03-31	
727	1	4	21	23	35	43	38	2007-03-28	
726	2	15	34	37	41	49	7	2007-03-24	
725	3	13	19	20	44	49	34	2007-03-21	
724	6	7	25	26	38	42	46	2007-03-17	
723	3	23	29	37	41	49	18	2007-03-14	
722	2	4	14	19	21	37	24	2007-03-10	
721	7	11	14	26	28	42	33	2007-03-07	
720	12	13	32	41	44	45	34	2007-03-03	
719	22	28	32	39	43	49	29	2007-02-28	
718	4	6	9	21	37	41	43	2007-02-24	
717	6	11	12	27	33	45	2	2007-02-21	
716	14	20	25	33	40	48	27	2007-02-17	
715	6	14	18	21	36	47	12	2007-02-14	
714	5	7	20	23	27	31	16	2007-02-10	
713	3	20	21	23	27	48	1	2007-02-07	
712	2	16	19	26	35	37	32	2007-02-03	
711	3	6	10	11	12	19	8	2007-01-31	
710	25	38	41	42	46	48	37	2007-01-27	
709	1	3	10	14	30	33	5	2007-01-24	
708	7	12	29	31	40	47	17	2007-01-20	
707	2	6	8	17	26	47	21	2007-01-17	
706	15	17	20	29	37	39	5	2007-01-13	
705	5	7	11	25	28	42	21	2007-01-10	
704	2	8	12	15	16	49	27	2007-01-06	
703	20	24	29	34	41	47	30	2007-01-03	
598	2	11	22	38	41	42	37	2006-12-31	
702	5	15	19	29	39	46	48	2006-12-30	
701	6	18	21	32	34	46	11	2006-12-27	
700	12	19	24	35	42	48	32	2006-12-23	
699	3	14	26	43	44	45	25	2006-12-20	
698	32	33	37	41	44	47	46	2006-12-16	
697	1	9	15	23	27	39	31	2006-12-13	
696	6	12	28	30	41	42	32	2006-12-09	
695	14	24	25	36	45	48	10	2006-12-06	
694	14	21	24	29	41	48	44	2006-12-02	
693	2	14	19	20	21	30	9	2006-11-29	
692	12	19	27	32	45	47	8	2006-11-25	
691	1	8	13	35	46	49	5	2006-11-22	
690	14	18	26	29	41	49	27	2006-11-18	
689	7	11	26	31	32	41	12	2006-11-15	
688	4	15	17	21	29	34	5	2006-11-11	
687	19	21	22	37	44	47	2	2006-11-08	
686	16	21	23	31	41	48	24	2006-11-04	
685	9	24	32	37	40	48	46	2006-11-01	
684	13	33	45	46	47	48	14	2006-10-28	
683	1	3	8	18	24	42	6	2006-10-25	
682	3	16	22	24	28	32	43	2006-10-21	
681	8	10	14	15	32	45	9	2006-10-18	
680	5	9	32	36	38	44	19	2006-10-14	
679	3	4	10	27	33	35	6	2006-10-11	
678	1	6	30	40	46	49	48	2006-10-07	
677	4	8	21	26	42	45	47	2006-10-04	
676	3	6	9	13	31	37	28	2006-09-30	
675	4	10	14	22	24	42	38	2006-09-27	
674	4	16	24	31	34	47	18	2006-09-23	
673	2	16	26	29	37	41	4	2006-09-20	
672	6	8	32	41	45	49	31	2006-09-16	
671	8	16	19	27	33	46	44	2006-09-13	
670	7	19	28	31	36	47	41	2006-09-09	
669	1	8	14	16	42	48	44	2006-09-06	
668	4	13	25	39	44	49	8	2006-09-02	
667	3	12	16	28	33	40	46	2006-08-30	
666	1	7	12	19	35	47	48	2006-08-26	
665	4	25	27	28	43	46	36	2006-08-23	
664	2	6	15	25	30	34	28	2006-08-19	
663	9	10	18	28	29	31	42	2006-08-16	
662	6	20	22	30	34	37	29	2006-08-12	
661	6	7	15	16	36	45	20	2006-08-09	
660	2	12	13	15	30	42	28	2006-08-05	
659	1	6	10	38	43	46	40	2006-08-02	
658	22	23	35	36	38	41	43	2006-07-29	
657	5	14	19	23	35	42	27	2006-07-26	
656	13	16	24	37	46	47	4	2006-07-22	
655	1	4	5	28	47	48	43	2006-07-19	
654	7	21	27	31	38	44	19	2006-07-15	
653	5	11	12	26	30	44	23	2006-07-12	
652	2	5	9	13	27	42	33	2006-07-08	
651	2	8	12	16	23	40	39	2006-07-05	
650	2	19	23	35	36	48	22	2006-07-01	
649	8	18	21	37	40	49	13	2006-06-28	
648	7	9	21	36	42	47	23	2006-06-24	
647	1	3	22	29	32	38	7	2006-06-21	
646	3	7	28	30	40	45	26	2006-06-17	
645	4	6	12	18	42	46	13	2006-06-14	
644	7	8	10	18	37	48	9	2006-06-10	
643	5	8	11	31	38	48	45	2006-06-07	
642	4	8	23	33	45	48	30	2006-06-03	
641	9	17	18	30	40	44	45	2006-05-31	
640	14	15	26	27	39	45	30	2006-05-27	
639	7	10	12	29	30	49	22	2006-05-24	
638	3	4	7	34	37	39	24	2006-05-20	
637	17	18	23	33	44	45	12	2006-05-17	
636	7	23	36	40	41	46	27	2006-05-13	
635	1	12	16	20	21	43	14	2006-05-10	
634	32	34	39	41	44	46	45	2006-05-06	
633	2	7	11	20	35	42	33	2006-05-03	
632	1	6	12	16	25	30	21	2006-04-29	
631	27	28	31	33	39	44	23	2006-04-26	
630	4	17	23	32	39	46	18	2006-04-22	
629	8	12	20	25	33	35	4	2006-04-19	
628	8	15	26	40	41	48	22	2006-04-15	
627	16	19	23	29	39	44	41	2006-04-12	
626	10	14	24	28	37	48	2	2006-04-08	
625	6	19	27	32	38	44	11	2006-04-05	
624	12	38	39	43	46	49	3	2006-04-01	
623	5	11	15	23	25	26	27	2006-03-29	
622	11	21	24	29	30	45	40	2006-03-25	
621	4	13	14	24	26	27	32	2006-03-22	
620	11	15	31	33	39	47	6	2006-03-18	
619	7	25	29	33	37	45	27	2006-03-15	
618	8	14	21	31	38	49	10	2006-03-11	
617	8	30	34	37	43	46	15	2006-03-08	
616	10	11	18	22	33	47	26	2006-03-04	
615	5	9	11	31	33	44	40	2006-03-01	
614	11	13	14	15	34	47	35	2006-02-25	
613	2	11	20	22	36	43	47	2006-02-22	
612	20	29	37	41	42	46	35	2006-02-18	
611	17	26	39	45	46	48	3	2006-02-15	
610	9	11	25	39	41	48	3	2006-02-11	
609	4	6	15	17	43	44	5	2006-02-08	
608	10	20	34	39	45	47	29	2006-02-04	
607	4	8	9	32	37	49	19	2006-02-01	
606	2	14	17	20	37	47	11	2006-01-28	
605	4	5	21	25	28	31	27	2006-01-25	
604	3	10	11	14	31	32	4	2006-01-21	
603	9	28	35	38	40	47	7	2006-01-18	
602	5	14	22	27	31	36	17	2006-01-14	
601	4	18	22	38	46	47	7	2006-01-11	
600	11	12	34	44	46	49	8	2006-01-07	
599	10	21	28	30	41	49	4	2006-01-04	
597	10	24	26	35	42	47	21	2005-12-28	
596	6	21	31	39	44	49	7	2005-12-24	
595	1	9	21	34	39	41	10	2005-12-21	
594	3	7	18	22	28	45	26	2005-12-17	
593	4	22	35	36	38	48	8	2005-12-14	
592	6	10	17	38	48	49	21	2005-12-10	
591	1	18	37	39	40	45	26	2005-12-07	
590	12	23	26	36	38	41	14	2005-12-03	
589	4	11	12	19	20	31	33	2005-11-30	
588	8	23	24	30	42	43	16	2005-11-26	
587	1	24	25	30	32	46	40	2005-11-23	
586	1	11	18	21	34	39	30	2005-11-19	
585	2	12	20	21	31	38	3	2005-11-16	
584	2	10	13	35	36	38	46	2005-11-12	
583	4	19	22	25	33	45	1	2005-11-09	
582	5	18	27	29	36	40	37	2005-11-05	
581	4	9	10	13	17	37	5	2005-11-02	
580	2	10	34	38	42	49	19	2005-10-29	
579	1	3	13	18	22	35	49	2005-10-26	
578	7	18	20	21	25	47	37	2005-10-22	
577	2	16	18	24	41	45	43	2005-10-19	
576	3	20	41	43	44	48	16	2005-10-15	
575	8	18	35	38	40	42	19	2005-10-12	
574	8	14	16	17	21	23	7	2005-10-08	
573	1	2	8	17	38	44	25	2005-10-05	
572	2	10	16	17	38	49	18	2005-10-01	
571	3	11	18	20	36	48	33	2005-09-28	
570	12	14	34	36	43	46	27	2005-09-24	
569	13	21	24	30	32	47	38	2005-09-21	
568	1	5	13	14	37	39	4	2005-09-17	
567	1	3	14	20	21	37	9	2005-09-14	
566	10	16	21	28	29	43	4	2005-09-10	
565	4	8	28	35	38	39	44	2005-09-07	
564	18	19	30	33	35	44	31	2005-09-03	
563	17	30	34	37	47	48	41	2005-08-31	
562	1	2	16	25	27	29	44	2005-08-27	
561	3	6	13	26	27	33	25	2005-08-24	
560	21	22	26	30	32	42	28	2005-08-20	
559	5	8	12	18	25	40	23	2005-08-17	
558	5	6	13	26	35	37	41	2005-08-13	
557	11	12	21	25	35	41	13	2005-08-10	
556	13	18	22	32	42	44	27	2005-08-06	
555	12	13	25	36	38	40	7	2005-08-03	
554	2	8	21	24	29	30	26	2005-07-30	
553	6	17	19	30	44	46	38	2005-07-27	
552	8	16	19	38	41	46	17	2005-07-23	
551	4	14	23	35	43	44	29	2005-07-20	
550	5	8	28	36	41	47	9	2005-07-16	
549	11	12	14	20	31	47	1	2005-07-13	
548	19	34	36	39	46	49	6	2005-07-09	
547	5	14	30	31	42	49	34	2005-07-06	
546	8	13	20	22	25	47	2	2005-07-02	
545	5	6	20	23	24	38	30	2005-06-29	
544	15	22	23	25	32	49	41	2005-06-25	
543	6	18	20	31	47	49	9	2005-06-22	
542	3	11	24	42	43	46	8	2005-06-18	
541	5	16	35	37	38	39	45	2005-06-15	
540	1	4	12	16	20	46	32	2005-06-11	
539	6	12	16	23	34	41	4	2005-06-08	
538	2	17	21	24	33	45	35	2005-06-04	
537	2	5	6	11	24	40	1	2005-06-01	
536	7	19	30	33	35	49	13	2005-05-28	
535	9	23	33	35	38	40	29	2005-05-25	
534	2	7	8	11	24	35	4	2005-05-21	
533	8	27	33	42	44	49	48	2005-05-18	
532	4	5	7	13	18	25	14	2005-05-14	
531	16	26	33	37	39	45	3	2005-05-11	
530	6	23	26	36	37	48	21	2005-05-07	
529	11	15	18	41	42	46	19	2005-05-04	
528	3	12	14	22	27	45	43	2005-04-30	
527	2	13	16	25	45	49	8	2005-04-27	
526	11	21	27	33	36	37	43	2005-04-23	
525	5	6	29	36	41	47	12	2005-04-20	
524	6	8	19	25	29	44	12	2005-04-16	
523	4	5	25	33	45	49	42	2005-04-13	
522	3	7	17	22	29	38	24	2005-04-09	
521	3	18	25	31	40	42	35	2005-04-06	
520	8	12	19	30	36	41	29	2005-04-02	
519	1	13	23	25	34	49	10	2005-03-30	
518	11	15	25	27	30	47	44	2005-03-26	
517	4	13	14	25	38	42	49	2005-03-23	
516	4	10	26	28	39	43	14	2005-03-19	
515	15	34	37	42	43	45	33	2005-03-16	
514	5	16	31	36	46	49	40	2005-03-12	
513	4	13	22	24	29	49	3	2005-03-09	
512	4	12	16	17	29	46	31	2005-03-05	
511	2	25	30	32	33	34	36	2005-03-02	
510	9	11	18	32	44	46	13	2005-02-26	
509	2	5	13	26	39	44	8	2005-02-23	
508	2	4	20	30	34	43	39	2005-02-19	
507	4	7	8	25	26	31	3	2005-02-16	
506	19	35	41	43	46	49	18	2005-02-12	
505	1	8	9	14	45	48	42	2005-02-09	
504	12	27	33	34	35	46	39	2005-02-05	
503	15	22	29	44	46	49	26	2005-02-02	
502	3	20	21	28	41	42	4	2005-01-29	
501	15	17	33	35	44	48	32	2005-01-26	
500	7	13	21	26	32	42	11	2005-01-22	
499	17	19	31	36	42	44	5	2005-01-19	
498	2	3	7	16	21	48	11	2005-01-15	
497	10	16	19	31	38	43	45	2005-01-12	
496	11	19	20	28	35	41	32	2005-01-08	
495	3	7	13	15	35	38	1	2005-01-05	
494	8	16	31	38	40	43	11	2005-01-01	
389	10	11	19	25	34	40	38	2004-12-31	
493	12	17	29	30	35	47	49	2004-12-29	
492	1	20	24	25	26	36	40	2004-12-25	
491	15	17	18	29	35	44	41	2004-12-22	
490	3	8	28	31	43	44	23	2004-12-18	
489	6	8	25	28	38	44	12	2004-12-15	
488	1	5	10	20	27	29	36	2004-12-11	
487	9	21	25	29	32	36	18	2004-12-08	
486	5	23	26	35	37	49	44	2004-12-04	
485	5	18	33	39	40	47	13	2004-12-01	
484	7	29	40	43	46	49	23	2004-11-27	
483	12	15	23	32	35	38	11	2004-11-24	
482	5	17	20	29	38	46	48	2004-11-20	
481	6	7	26	27	28	48	24	2004-11-17	
480	10	21	35	39	47	49	30	2004-11-13	
479	3	18	19	22	23	44	4	2004-11-10	
478	10	18	19	25	31	41	14	2004-11-06	
477	5	7	23	24	38	44	22	2004-11-03	
476	13	25	29	34	35	36	9	2004-10-30	
475	4	15	27	36	38	47	44	2004-10-27	
474	20	25	27	28	38	41	14	2004-10-23	
473	4	7	16	33	44	47	32	2004-10-20	
472	1	9	11	24	32	47	2	2004-10-16	
471	13	14	20	26	34	43	44	2004-10-13	
470	15	23	29	30	44	46	4	2004-10-09	
469	14	15	16	28	38	49	4	2004-10-06	
468	1	4	6	26	35	42	9	2004-10-02	
467	5	17	20	24	31	44	12	2004-09-29	
466	7	11	17	29	45	48	40	2004-09-25	
465	10	15	16	28	37	44	19	2004-09-22	
464	2	25	37	42	44	45	17	2004-09-18	
463	12	17	23	28	31	32	21	2004-09-15	
462	7	10	18	22	34	38	19	2004-09-11	
461	13	33	34	39	43	49	35	2004-09-08	
460	24	29	31	34	44	46	4	2004-09-04	
459	3	11	16	22	34	45	23	2004-09-01	
458	20	28	30	35	36	42	11	2004-08-28	
457	6	22	23	28	39	45	14	2004-08-25	
456	4	5	9	40	42	44	27	2004-08-21	
455	11	13	17	21	29	43	22	2004-08-18	
454	6	21	26	31	34	44	22	2004-08-14	
453	6	20	22	25	27	34	3	2004-08-11	
452	5	10	11	16	37	42	38	2004-08-07	
451	3	14	16	17	45	47	13	2004-08-04	
450	9	10	30	35	43	44	14	2004-07-31	
449	4	12	16	41	42	43	19	2004-07-28	
448	12	27	34	41	42	44	26	2004-07-24	
447	3	4	9	16	26	41	6	2004-07-21	
446	5	13	15	31	42	48	25	2004-07-17	
445	4	9	22	30	34	36	3	2004-07-14	
444	20	22	23	24	33	47	18	2004-07-10	
443	13	17	21	25	38	48	5	2004-07-07	
442	2	10	20	21	37	46	45	2004-07-03	
441	10	12	14	26	36	44	4	2004-06-30	
440	6	8	11	13	26	41	28	2004-06-26	
439	9	11	15	33	44	49	18	2004-06-23	
438	7	26	31	32	38	42	28	2004-06-19	
437	1	9	12	18	36	40	13	2004-06-16	
436	1	7	9	40	41	46	5	2004-06-12	
435	4	15	19	31	35	36	2	2004-06-09	
434	8	10	11	15	17	44	39	2004-06-05	
433	11	15	16	33	41	48	44	2004-06-02	
432	5	10	16	19	30	39	11	2004-05-29	
431	9	32	33	34	47	49	7	2004-05-26	
430	7	16	20	31	45	49	44	2004-05-22	
429	16	19	21	28	30	40	15	2004-05-19	
428	3	4	6	7	37	40	36	2004-05-15	
427	2	17	21	41	44	49	10	2004-05-12	
426	5	8	17	19	38	45	15	2004-05-08	
425	26	28	39	45	47	48	37	2004-05-05	
424	1	15	19	22	33	49	43	2004-05-01	
423	11	15	27	33	34	41	36	2004-04-28	
422	6	8	18	34	42	43	48	2004-04-24	
421	15	20	22	30	36	42	5	2004-04-21	
420	3	5	16	31	40	44	22	2004-04-17	
419	5	10	13	17	40	45	9	2004-04-14	
418	6	15	20	23	25	46	13	2004-04-10	
417	10	20	30	33	36	43	12	2004-04-07	
416	17	23	25	26	38	47	20	2004-04-03	
415	1	12	18	35	38	46	11	2004-03-31	
414	9	20	30	36	37	45	43	2004-03-27	
413	4	8	29	30	37	49	28	2004-03-24	
412	5	8	26	33	43	49	4	2004-03-20	
411	13	15	20	40	48	49	37	2004-03-17	
410	6	14	21	27	28	34	17	2004-03-13	
409	3	24	25	32	36	44	20	2004-03-10	
408	9	10	22	44	45	49	1	2004-03-06	
407	11	14	21	25	30	32	19	2004-03-03	
406	16	18	26	27	31	47	21	2004-02-28	
405	2	4	14	20	33	39	9	2004-02-25	
404	9	13	16	20	22	41	33	2004-02-21	
403	8	13	18	26	31	44	25	2004-02-18	
402	19	24	30	32	40	49	42	2004-02-14	
401	1	9	10	37	43	47	48	2004-02-11	
400	4	10	12	20	46	47	13	2004-02-07	
399	7	8	9	13	29	31	36	2004-02-04	
398	14	17	22	23	37	44	2	2004-01-31	
397	2	14	24	31	42	49	5	2004-01-28	
396	2	4	18	23	25	39	16	2004-01-24	
395	7	12	21	25	36	37	20	2004-01-21	
394	1	3	12	38	40	45	41	2004-01-17	
393	7	23	27	34	40	43	2	2004-01-14	
392	11	21	22	23	35	39	1	2004-01-10	
391	16	22	32	39	40	41	44	2004-01-07	
390	11	14	15	21	22	40	6	2004-01-03	
388	6	7	8	9	26	36	20	2003-12-27	
387	2	4	13	14	43	45	21	2003-12-24	
386	11	15	29	30	42	45	12	2003-12-20	
385	9	10	36	41	44	45	37	2003-12-17	
384	1	11	22	32	43	44	3	2003-12-13	
383	2	17	22	30	31	45	26	2003-12-10	
382	31	34	35	36	38	47	12	2003-12-06	
381	5	16	20	29	40	46	13	2003-12-03	
380	2	9	15	33	37	49	39	2003-11-29	
379	5	7	14	18	28	42	43	2003-11-26	
378	21	26	33	44	48	49	36	2003-11-22	
377	4	15	18	31	38	43	10	2003-11-19	
376	1	4	10	11	33	49	22	2003-11-15	
375	2	19	21	24	25	34	48	2003-11-12	
374	5	7	16	40	41	46	31	2003-11-08	
373	3	6	10	11	18	41	39	2003-11-05	
372	11	19	23	31	32	37	34	2003-11-01	
371	3	6	9	10	19	36	4	2003-10-29	
370	5	9	18	24	40	47	17	2003-10-25	
369	18	20	22	25	29	40	31	2003-10-22	
368	13	14	38	40	47	49	10	2003-10-18	
367	23	30	31	38	44	46	45	2003-10-15	
366	15	18	19	40	42	45	9	2003-10-11	
365	29	31	34	43	47	48	8	2003-10-08	
364	6	9	20	29	43	46	49	2003-10-04	
363	19	24	37	38	42	47	28	2003-10-01	
362	2	7	20	26	31	49	5	2003-09-27	
361	3	7	17	20	28	35	16	2003-09-24	
360	8	10	30	32	37	42	21	2003-09-20	
358	3	17	24	28	41	47	11	2003-09-13	
357	6	10	18	22	44	48	30	2003-09-10	
356	13	33	35	37	40	46	24	2003-09-06	
355	7	17	22	26	28	46	15	2003-09-03	
354	9	12	28	36	44	46	37	2003-08-30	
353	7	10	21	28	31	38	1	2003-08-27	
352	10	12	16	17	26	49	42	2003-08-23	
351	1	5	10	34	38	41	45	2003-08-20	
350	5	26	27	33	37	46	49	2003-08-16	
349	7	10	23	29	31	32	42	2003-08-13	
348	1	8	10	24	34	40	7	2003-08-09	
347	1	3	26	27	34	35	39	2003-08-06	
346	2	12	18	24	25	38	40	2003-08-02	
345	1	7	10	15	19	20	47	2003-07-30	
344	25	30	33	35	38	47	12	2003-07-26	
343	11	14	15	33	34	41	25	2003-07-23	
342	3	10	35	37	39	44	5	2003-07-19	
341	3	10	17	23	26	27	13	2003-07-16	
340	1	9	10	20	23	24	31	2003-07-12	
339	4	17	18	21	30	44	41	2003-07-09	
338	8	13	16	21	29	47	24	2003-07-05	
337	10	18	34	35	36	37	16	2003-07-02	
336	7	12	15	24	25	31	27	2003-06-28	
335	3	7	34	42	45	48	16	2003-06-25	
334	26	29	31	36	43	46	34	2003-06-21	
333	15	23	26	28	33	46	40	2003-06-18	
332	2	19	28	35	46	49	12	2003-06-14	
331	3	10	14	18	28	38	27	2003-06-11	
330	6	12	16	23	37	42	11	2003-06-07	
329	3	12	18	30	34	38	28	2003-06-04	
328	9	17	22	39	41	42	19	2003-05-31	
327	3	4	15	19	35	38	16	2003-05-28	
326	6	10	23	37	42	47	18	2003-05-24	
325	8	17	24	27	33	45	42	2003-05-21	
324	11	27	39	42	43	47	46	2003-05-17	
323	2	10	27	41	47	48	33	2003-05-14	
322	1	10	12	21	30	44	7	2003-05-10	
321	9	23	24	34	40	49	12	2003-05-07	
320	3	7	15	19	25	40	47	2003-05-03	
319	5	6	9	16	30	47	39	2003-04-30	
318	13	14	17	24	38	48	36	2003-04-26	
317	26	29	30	34	40	46	33	2003-04-23	
316	1	5	9	16	23	31	27	2003-04-19	
315	4	6	15	21	42	49	46	2003-04-16	
314	10	13	17	34	40	41	8	2003-04-12	
313	8	15	24	37	41	46	38	2003-04-09	
312	17	18	21	25	37	47	7	2003-04-05	
311	5	19	24	27	41	49	43	2003-04-02	
310	15	27	32	33	45	48	21	2003-03-29	
309	5	10	15	17	29	48	2	2003-03-26	
308	5	7	8	19	34	41	31	2003-03-22	
307	2	5	21	23	34	48	39	2003-03-19	
306	4	6	8	14	31	46	29	2003-03-15	
305	3	13	21	35	36	42	40	2003-03-12	
304	9	11	14	17	29	30	21	2003-03-08	
303	7	12	17	21	27	37	30	2003-03-05	
302	5	11	13	40	45	47	18	2003-03-01	
301	6	16	19	34	42	45	33	2003-02-26	
300	2	6	11	18	27	35	13	2003-02-22	
299	1	8	32	33	35	45	46	2003-02-19	
298	12	18	19	22	40	48	42	2003-02-15	
297	1	2	20	24	30	39	7	2003-02-12	
296	25	28	34	39	45	48	42	2003-02-08	
295	26	27	30	35	44	47	3	2003-02-05	
294	8	15	16	34	42	46	10	2003-02-01	
293	19	30	32	35	40	48	4	2003-01-29	
292	1	8	26	38	42	47	12	2003-01-25	
291	1	26	29	45	47	49	35	2003-01-22	
290	4	14	15	29	38	49	18	2003-01-18	
289	3	10	15	30	36	37	41	2003-01-15	
288	6	13	22	34	35	39	21	2003-01-11	
287	11	16	32	42	47	49	48	2003-01-08	
286	18	26	39	40	46	47	23	2003-01-04	
285	5	10	14	17	18	43	40	2003-01-01	
284	1	2	13	29	31	37	35	2002-12-28	
283	4	15	19	28	37	42	38	2002-12-25	
282	1	13	15	21	23	41	29	2002-12-21	
281	6	9	24	38	45	49	44	2002-12-18	
280	1	6	11	15	24	28	43	2002-12-14	
279	4	9	20	30	31	32	40	2002-12-11	
278	18	19	24	25	46	48	17	2002-12-07	
277	12	14	18	20	25	26	33	2002-12-04	
276	7	15	28	30	37	41	42	2002-11-30	
275	1	5	9	22	29	38	41	2002-11-27	
274	4	11	14	32	40	43	31	2002-11-23	
273	13	16	22	39	40	41	5	2002-11-20	
272	7	8	18	20	26	27	11	2002-11-16	
271	5	12	24	27	33	40	37	2002-11-13	
270	7	14	16	17	21	25	45	2002-11-09	
269	3	10	32	44	45	46	41	2002-11-06	
268	15	16	18	24	44	45	14	2002-11-02	
267	1	5	6	20	27	42	18	2002-10-30	
266	9	19	22	24	36	47	29	2002-10-26	
265	3	6	17	20	36	42	24	2002-10-23	
264	3	7	8	10	17	18	30	2002-10-19	
263	14	31	33	36	39	44	15	2002-10-16	
262	15	20	23	29	35	39	12	2002-10-12	
261	8	33	38	39	42	46	11	2002-10-09	
260	14	17	19	34	41	48	10	2002-10-05	
259	16	21	24	39	41	44	48	2002-10-02	
258	9	19	20	31	33	49	37	2002-09-28	
257	4	5	20	26	33	36	40	2002-09-25	
256	1	15	21	25	42	48	9	2002-09-21	
255	10	12	14	15	22	49	19	2002-09-18	
254	4	9	12	19	23	37	17	2002-09-14	
253	7	14	38	41	43	47	29	2002-09-11	
252	11	20	22	25	43	44	32	2002-09-07	
251	5	8	26	33	36	40	29	2002-09-04	
250	12	14	32	34	45	46	9	2002-08-31	
249	2	5	11	27	30	34	44	2002-08-28	
248	1	8	28	34	39	45	32	2002-08-24	
247	9	21	23	24	39	47	41	2002-08-21	
246	15	20	26	28	30	32	33	2002-08-17	
245	7	9	26	38	47	48	18	2002-08-14	
244	8	11	13	34	45	49	28	2002-08-10	
243	7	19	25	29	32	43	8	2002-08-07	
242	18	21	31	40	45	48	43	2002-08-03	
241	21	31	38	41	42	45	44	2002-07-31	
240	9	18	20	42	45	47	28	2002-07-27	
239	4	6	16	18	19	33	48	2002-07-24	
238	9	12	13	16	38	47	10	2002-07-20	
237	7	12	23	25	32	47	49	2002-07-17	
236	13	17	29	43	45	46	49	2002-07-13	
235	2	8	10	16	34	40	15	2002-07-10	
234	2	10	22	29	35	41	48	2002-07-06	
233	13	19	22	32	37	40	11	2002-07-03	
232	2	10	12	13	25	44	35	2002-06-29	
231	12	20	25	26	38	43	34	2002-06-26	
230	2	10	23	25	26	44	47	2002-06-22	
229	8	13	14	17	27	36	19	2002-06-19	
228	23	28	33	40	42	45	21	2002-06-15	
227	21	27	30	35	37	43	42	2002-06-12	
226	5	11	13	15	26	35	8	2002-06-08	
225	8	9	12	13	20	34	15	2002-06-05	
224	1	5	27	40	46	47	33	2002-06-01	
223	5	8	9	10	11	20	39	2002-05-29	
222	4	5	20	31	33	38	34	2002-05-25	
221	9	22	31	36	39	43	46	2002-05-22	
220	1	6	24	25	34	46	41	2002-05-18	
219	22	36	39	42	45	47	3	2002-05-15	
218	14	22	23	35	45	46	12	2002-05-11	
217	8	22	27	32	42	44	41	2002-05-08	
216	5	6	15	31	34	39	20	2002-05-04	
215	3	4	11	16	34	39	46	2002-05-01	
214	2	4	12	16	29	48	33	2002-04-27	
213	13	16	32	33	44	49	23	2002-04-24	
212	3	6	11	20	33	41	25	2002-04-20	
211	6	15	24	26	27	33	23	2002-04-17	
210	8	15	18	22	33	34	23	2002-04-13	
209	9	22	23	27	36	46	20	2002-04-10	
208	2	8	10	13	15	28	25	2002-04-06	
207	7	15	24	33	36	38	25	2002-04-03	
206	1	2	4	9	10	36	22	2002-03-30	
205	7	16	19	23	26	32	47	2002-03-27	
204	3	5	8	10	42	46	1	2002-03-23	
203	14	21	38	43	48	49	9	2002-03-20	
202	3	26	31	33	37	40	18	2002-03-16	
201	8	11	18	25	39	42	22	2002-03-13	
200	8	21	25	31	34	48	39	2002-03-09	
199	9	17	22	30	34	49	18	2002-03-06	
198	22	23	29	32	45	49	30	2002-03-02	
197	4	18	23	37	42	46	14	2002-02-27	
196	3	11	20	23	27	39	32	2002-02-23	
195	2	4	16	24	44	45	37	2002-02-20	
194	4	31	34	35	42	47	17	2002-02-16	
193	2	13	17	23	38	39	37	2002-02-13	
192	3	4	7	9	31	49	6	2002-02-09	
191	2	12	38	41	43	45	30	2002-02-06	
190	4	10	19	30	44	47	36	2002-02-02	
189	10	14	19	21	26	40	37	2002-01-30	
188	7	18	24	27	41	47	44	2002-01-26	
187	3	4	34	43	44	45	9	2002-01-23	
186	1	17	27	29	40	45	21	2002-01-19	
185	14	17	18	26	35	42	5	2002-01-16	
184	17	20	29	31	34	48	16	2002-01-12	
183	5	7	10	21	36	44	22	2002-01-09	
182	3	14	16	19	24	27	26	2002-01-05	
181	3	9	16	17	34	36	33	2002-01-02	
180	17	28	30	37	40	44	15	2001-12-29	
179	1	26	28	36	40	41	25	2001-12-26	
178	2	4	22	31	36	38	40	2001-12-22	
177	16	20	25	35	47	49	36	2001-12-19	
176	4	11	14	16	27	40	47	2001-12-15	
175	5	17	23	35	37	44	15	2001-12-12	
174	10	14	17	34	42	48	3	2001-12-08	
173	7	15	19	28	35	36	10	2001-12-05	
172	1	19	20	22	25	39	48	2001-12-01	
171	25	29	31	32	36	37	17	2001-11-28	
170	1	16	24	25	27	37	13	2001-11-24	
169	16	33	35	37	42	47	41	2001-11-21	
168	2	7	28	31	34	36	40	2001-11-17	
167	6	9	37	41	44	45	27	2001-11-14	
166	1	14	16	18	26	27	24	2001-11-10	
165	19	20	28	32	37	40	9	2001-11-07	
164	6	8	12	22	25	36	42	2001-11-03	
163	11	24	28	32	38	40	34	2001-10-31	
162	2	6	9	10	27	46	4	2001-10-27	
161	1	12	34	35	39	45	32	2001-10-24	
160	3	10	23	24	35	38	12	2001-10-20	
159	8	17	21	26	35	44	27	2001-10-17	
158	2	6	28	33	36	37	49	2001-10-13	
157	1	7	17	23	38	48	46	2001-10-10	
156	4	6	20	27	33	39	37	2001-10-06	
155	5	10	12	22	30	49	4	2001-10-03	
154	14	23	34	38	39	48	32	2001-09-29	
153	1	10	21	26	30	41	18	2001-09-26	
152	16	17	27	37	39	40	20	2001-09-22	
151	10	13	29	31	32	37	2	2001-09-19	
150	6	22	37	45	46	47	44	2001-09-15	
149	3	15	30	43	46	47	31	2001-09-12	
148	9	16	25	44	45	49	6	2001-09-08	
147	1	7	11	15	27	31	41	2001-09-05	
146	2	3	20	27	43	45	17	2001-09-01	
145	15	19	23	31	37	48	10	2001-08-29	
144	7	18	29	31	34	36	44	2001-08-25	
143	6	11	13	18	19	36	16	2001-08-22	
142	2	19	21	24	27	29	16	2001-08-18	
141	3	14	22	29	32	49	33	2001-08-15	
140	10	27	34	37	39	45	35	2001-08-11	
139	6	18	27	38	46	49	21	2001-08-08	
138	1	15	22	23	36	46	13	2001-08-04	
137	4	6	13	19	30	33	22	2001-08-01	
136	2	5	10	20	22	39	17	2001-07-28	
135	2	7	15	17	27	44	40	2001-07-25	
134	3	23	25	37	43	47	40	2001-07-21	
133	5	17	23	29	40	48	36	2001-07-18	
132	22	31	36	39	41	47	28	2001-07-14	
131	16	22	23	25	29	49	7	2001-07-11	
130	6	17	21	38	44	46	30	2001-07-07	
129	4	5	13	19	23	36	20	2001-07-04	
128	9	14	16	20	25	49	32	2001-06-30	
127	21	31	37	38	45	46	4	2001-06-27	
126	4	9	22	27	32	38	37	2001-06-23	
125	10	16	27	30	36	41	31	2001-06-20	
124	4	15	18	20	28	47	46	2001-06-16	
123	2	26	27	29	31	43	41	2001-06-13	
122	2	3	5	21	30	33	19	2001-06-09	
121	2	3	11	20	39	48	46	2001-06-06	
120	1	8	10	30	32	41	23	2001-06-02	
119	3	8	14	21	24	33	43	2001-05-30	
118	5	21	22	34	35	47	38	2001-05-26	
117	5	9	13	25	44	49	34	2001-05-23	
116	5	8	16	23	40	46	34	2001-05-19	
115	4	30	31	35	39	42	25	2001-05-16	
114	12	22	37	38	43	47	45	2001-05-12	
113	12	18	23	42	45	48	14	2001-05-09	
112	2	4	7	12	17	36	33	2001-05-05	
111	2	23	24	30	41	49	46	2001-05-02	
110	8	21	30	34	39	42	44	2001-04-28	
109	2	6	10	33	46	49	36	2001-04-25	
108	6	15	25	26	31	43	4	2001-04-21	
107	10	20	24	27	29	48	1	2001-04-18	
106	2	10	39	43	47	49	8	2001-04-14	
105	9	20	29	35	38	40	48	2001-04-11	
104	4	11	13	15	34	42	39	2001-04-07	
103	2	9	16	42	43	49	39	2001-04-04	
102	8	17	18	21	33	41	5	2001-03-31	
101	14	20	28	30	31	46	10	2001-03-28	
100	7	10	12	32	34	48	22	2001-03-24	
99	3	7	13	16	23	46	6	2001-03-21	
98	3	22	29	33	39	44	37	2001-03-17	
